"1","1","Estrutura organizacional","Os nomes dos órgãos devem ser exibidos em estrutura hierárquica, mostrando a relação de subordinação entre eles.","5","1"
"2","1","Respostas a perguntas frequentes da sociedade","O site deve possui uma seção específica onde concentre as perguntas e respostas mais frequentes sobre o Portal e a Transparência da instituição.","5","1"
"3","2","Nome do Órgão","Identificação do Órgão","1","1"
"4","2","Competência","As atribuções de cada unidade deve ser explicada.","1","1"
"5","2","Endereço","O endereço deve ser composto por rua, número, bairro e CEP.","1","1"
"6","2","Telefones","Devem ser apresentados os números dos telefones, fixos e celulares, e do FAX, se houver.","1","1"
"7","2","Horário de atendimento","Dias e horários em que a população pode receber atendimento local ou por telefone.","2","1"
"8","2","Programas, Projetos e Ações","Apresentação dos principais programas, projetos e ações realizados pelo órgão","4","1"
"9","3","Descrição da Obra","Descrição que permita identificar de que se trata a obra.
Ou link para Geo Obras","2","2"
"10","3","Data de Início","Data de início da execução da obra
Ou link para Geo Obras","2","2"
"11","3","Prazo de Conclusão","Prazo para conclusão da obra
Ou link para Geo Obras","3","2"
"12","3","Situação","Situação da obra, se em execução, paralisada, etc
Ou link para Geo Obras","3","2"
"13","3","Data da Situação","Data a que se refere a situação
Ou link para Geo Obras","2","2"
"14","3","Empresa Contratada","Nome ou Razão Social da empresa contratada para executar a obra
Ou link para Geo Obras","4","2"
"15","3","Valor do Contrato","Valor global a ser investido na obra
Ou link para Geo Obras","4","2"
"16","4","Download da Base de Dados","O Portal deve permitir realizar o download completo da base de dados","18","1"
"17","4","Dados legíveis por máquina","Disponibiliza Webservice, RDF, OWL ou outra ferramenta que permita a leitura automatizada dos dados, sem precisar realizar o download","18","1"
"517","94","Nome do Beneficiário","Nome ou Razão Social","6","2"
"19","4","Integridade","Os dados informados devem estar corretos, aproximando-se dos valores apresentados em balanços e prestações de contas","24","1"
"20","5","Unidade gestora","Órgão, Autarquia, etc.","1","1"
"21","5","Processo","Número do processo administrativo","1","1"
"22","5","Bem adquirido/serviço prestado","Especificação do Produto ou serviço.","5","1"
"23","5","Nome do Beneficiário","Nome ou Razão Social","6","1"
"24","5","CPF ou CNPJ do Beneficiário","CPF ou CNPJ","3","1"
"25","5","Modalidade Licitatória","Identificação da Modalidade Licitatória Aplicada. Ex: Pregão, Carta Convite, Inexigível","2","1"
"26","5","Categoria Econômica","Identificação se trata de Despesa Corrente ou Despesa de Capital","1","1"
"27","5","Grupo de Natureza da Despesa","Pessoal e Encargos Sociais, Juros e Encargos da Dívida, Outras Despesas Correntes, Investimentos, Inversões Financeiras, Amortização da Dívida","1","1"
"28","5","Modalidade de Aplicação","Aplicações Diretas, Transferências à União, Transferências a Instituições Privadas sem Fins Lucrativos, etc","1","1"
"29","5","Elemento de Despesa","Tem por finalidade identificar os objetos de gasto, tais como vencimentos e vantagens fixas, juros, diárias,
material de consumo, serviços de terceiros prestados sob qualquer forma, subvenções sociais, obras e instalações,
equipamentos e material permanen","1","1"
"30","5","Programa","O identificador da ação no PPA. Exemplo: Programa Transporte Rodoviário","1","2"
"31","5","Ação","O identificador da ação no PPA, podendo ser uma Atividade, um Projeto ou uma Operação Especial. Exemplo:  “Asfaltamento das ruas do bairo xxx""","1","2"
"32","5","Subtítulo","Informa a localização do gasto, como o Bairro, ou região do município beneficiária daquele gasto","1","2"
"33","5","Fonte dos recursos","Recursos Ordinários, Recursos de Convênios, Recursos do FUNDEB, etc","1","1"
"34","5","Função"," Se relaciona com a missão institucional do órgão, por exemplo, cultura, educação, saúde, defesa, etc","1","1"
"35","5","Subfunção","Representa um nível de agregação imediatamente inferior à função e deve evidenciar cada área da atuação governamental, por exemplo ""Educação Infantil"", ""Educação de Jovens e Adultos"", etc","1","1"
"36","5","Número da Nota de Empenho","O identificador único daquela nota de empenho","1","2"
"37","5","Data do Empenho","A data em que o empenho foi realizado","3","1"
"38","5","Valor empenhado","Indicação do valor empenhado ou do valor da anulação do empenho, incluindo também o valor do reforço do empenho, se houver","8","1"
"39","6","Unidade gestora","Órgão, Autarquia, etc.","1","1"
"40","6","Processo","Número do processo administrativo","1","1"
"41","6","Bem adquirido/serviço prestado","Especificação do Produto ou serviço.","5","1"
"42","6","Nome do Beneficiário","Nome ou Razão Social","6","1"
"43","6","CPF ou CNPJ do Beneficiário","CPF ou CNPJ","3","1"
"44","6","Modalidade Licitatória","Identificação da Modalidade Licitatória Aplicada. Ex: Pregão, Carta Convite, Inexigível","1","1"
"45","6","Categoria Econômica","Identificação se trata de Despesa Corrente ou Despesa de Capital","1","1"
"46","6","Grupo de Natureza da Despesa","Pessoal e Encargos Sociais, Juros e Encargos da Dívida, Outras Despesas Correntes, Investimentos, Inversões Financeiras, Amortização da Dívida","1","1"
"47","6","Modalidade de Aplicação","Aplicações Diretas, Transferências à União, Transferências a Instituições Privadas sem Fins Lucrativos, etc","1","1"
"48","6","Elemento de Despesa","Tem por finalidade identificar os objetos de gasto, tais como vencimentos e vantagens fixas, juros, diárias,
material de consumo, serviços de terceiros prestados sob qualquer forma, subvenções sociais, obras e instalações,
equipamentos e material permanen","1","1"
"49","6","Programa","O identificador da ação no PPA. Exemplo: Programa Transporte Rodoviário","1","2"
"50","6","Ação","O identificador da ação no PPA, podendo ser uma Atividade, um Projeto ou uma Operação Especial. Exemplo:  “Asfaltamento das ruas do bairo xxx""","1","2"
"51","6","Subtítulo","Informa a localização do gasto, como o Bairro, ou região do município beneficiária daquele gasto","1","2"
"52","6","Fonte dos recursos","Recursos Ordinários, Recursos de Convênios, Recursos do FUNDEB, etc","1","1"
"53","6","Função"," Se relaciona com a missão institucional do órgão, por exemplo, cultura, educação, saúde, defesa, etc","1","1"
"54","6","Subfunção","Representa um nível de agregação imediatamente inferior à função e deve evidenciar cada área da atuação governamental, por exemplo ""Educação Infantil"", ""Educação de Jovens e Adultos"", etc","1","1"
"55","6","Número da Nota de Empenho","O identificador único daquela nota de empenho","1","2"
"56","6","Número da Nota de Liquidação","O identificador único daquela nota de liquidação","1","2"
"57","6","Data da Liquidação","A data em que a liquidação foi realizada","3","1"
"58","6","Valor liquidado ","Indicação do valor que foi liquidado","8","1"
"59","7","Unidade gestora","Órgão, Autarquia, etc.","1","1"
"60","7","Processo","Número do processo administrativo","1","1"
"61","7","Bem adquirido/serviço prestado","Especificação do Produto ou serviço.","6","1"
"62","7","Nome do Beneficiário","Nome ou Razão Social","7","1"
"63","7","CPF ou CNPJ do Beneficiário","CPF ou CNPJ","4","1"
"64","7","Modalidade Licitatória","Identificação da Modalidade Licitatória Aplicada. Ex: Pregão, Carta Convite, Inexigível","3","1"
"65","7","Categoria Econômica","Identificação se trata de Despesa Corrente ou Despesa de Capital","1","1"
"66","7","Grupo de Natureza da Despesa","Pessoal e Encargos Sociais, Juros e Encargos da Dívida, Outras Despesas Correntes, Investimentos, Inversões Financeiras, Amortização da Dívida","1","1"
"67","7","Modalidade de Aplicação","Aplicações Diretas, Transferências à União, Transferências a Instituições Privadas sem Fins Lucrativos, etc","1","1"
"68","7","Elemento de Despesa","Tem por finalidade identificar os objetos de gasto, tais como vencimentos e vantagens fixas, juros, diárias,
material de consumo, serviços de terceiros prestados sob qualquer forma, subvenções sociais, obras e instalações,
equipamentos e material permanen","1","1"
"69","7","Programa","O identificador da ação no PPA. Exemplo: Programa Transporte Rodoviário","1","2"
"70","7","Ação","O identificador da ação no PPA, podendo ser uma Atividade, um Projeto ou uma Operação Especial. Exemplo:  “Asfaltamento das ruas do bairo xxx""","1","2"
"71","7","Subtítulo","Informa a localização do gasto, como o Bairro, ou região do município beneficiária daquele gasto","1","2"
"72","7","Fonte dos recursos","Recursos Ordinários, Recursos de Convênios, Recursos do FUNDEB, etc","1","1"
"73","7","Função"," Se relaciona com a missão institucional do órgão, por exemplo, cultura, educação, saúde, defesa, etc","1","1"
"74","7","Subfunção","Representa um nível de agregação imediatamente inferior à função e deve evidenciar cada área da atuação governamental, por exemplo ""Educação Infantil"", ""Educação de Jovens e Adultos"", etc","1","1"
"75","7","Número da Nota de Empenho","O identificador único daquela nota de empenho","1","2"
"76","7","Número da Nota de Liquidação","O identificador único daquela nota de liquidação","1","2"
"77","7","Número da ordem bancária","O código identificador da ordem bancária na qual o pagamento foi realizado","1","2"
"78","7","Data do Pagamento","A data em que o pagamento foi enviado ao banco","5","1"
"79","7","Valor pago","O valor que foi pago ao favorecido","10","1"
"80","8","Gravação de Relatórios","Permite a exportação do resultado de uma consulta para arquivos em diversos formatos, preferencialmente abertos.","10","1"
"81","9","Frequência de Atualização","Apresentar dados  atualizados até o dia anterior ao que está sendo feita a pesquisa","17","1"
"82","9","Série Histórica","Apresentar dados referentes aos últimos 5 anos.","13","0"
"83","10","Ferramenta de pesquisa","Busca ou apresentação por Unidade Gestora, Beneficiário, Categoria, Grupo, Função , Subfunção","17","1"
"84","10","Delimitação Temporal","Possibilidade de buscar as despesas filtrando por data ","13","1"
"85","11","Data de Lançamento","Informar a data que a receita foi lançada","7","1"
"86","11","Unidade gestora","Informar a unidade gestora responsál pelo lançamento da receita","5","1"
"87","11","Categoria econômica","Receitas Correntes, Receitas de Capital.","4","1"
"88","11","Origem","Receita Tributária, Receita de Contribuições, Receita Patrimonial, Receita Agropecuária, Receita Industrial, Receita de Serviços, Transferências Correntes, Outras Receitas Correntes, Operações de Crédito, Alienação de Bens, Amortização de Empréstimos, Tra","4","1"
"89","11","Espécie","Impostos, Taxas, Contribuição de Melhoria, Contribuições Sociais, Contribuições de Intervenção no Domínio Econômico, Contribuição para o Custeio do Serviço de Iluminação Pública, Receitas Imobiliárias, Receitas de Valores Mobiliários, Receita de Concessõe","4","1"
"90","11","Rubrica","Impostos sobre o Comércio Exterior, Impostos sobre o Patrimônio e a Renda, Impostos sobre a Produção e a Circulação, Impostos Extraordinários, Taxas pelo Exercício do Poder de Polícia, Taxas pela Prestação de Serviços, Remuneração de Depósitos Bancários, ","4","1"
"91","11","Alínea","Imposto sobre a Circulação de Mercadoria e Serviços – ICMS, Imposto sobre a Renda e Proventos de Quaisquer Natureza,  Imposto sobre a Propriedade de Veículos Automotores, Imposto sobre transmissão causa-mortis e doação.","4","1"
"92","11","Subalínea","ICMS-Indústria, ICMS-Comércio, ICMS-Serviços de Energia Elétrica, ICMS-Serviços de Comunicação, ICMS-Importação, ICMS-Simples Nacional, ICMS-Comércio Exterior, Imposto de Renda Pessoa Física – IRPF, Imposto de Renda Pessoa Jurídica – IRPJ, IPVA, ITCD.","4","1"
"93","11","Valor Lançado","Valor da receita lançada","9","1"
"94","12","Data de Arrecadação","Informar a data que a receita foi realizada","8","1"
"95","12","Unidade gestora","Informar a unidade gestora responsál pela arrecadação da receita","6","1"
"96","12","Categoria econômica","Receitas Correntes, Receitas de Capital.","5","1"
"97","12","Origem","Receita Tributária, Receita de Contribuições, Receita Patrimonial, Receita Agropecuária, Receita Industrial, Receita de Serviços, Transferências Correntes, Outras Receitas Correntes, Operações de Crédito, Alienação de Bens, Amortização de Empréstimos, Tra","5","1"
"98","12","Espécie","Impostos, Taxas, Contribuição de Melhoria, Contribuições Sociais, Contribuições de Intervenção no Domínio Econômico, Contribuição para o Custeio do Serviço de Iluminação Pública, Receitas Imobiliárias, Receitas de Valores Mobiliários, Receita de Concessõe","5","1"
"99","12","Rubrica","Impostos sobre o Comércio Exterior, Impostos sobre o Patrimônio e a Renda, Impostos sobre a Produção e a Circulação, Impostos Extraordinários, Taxas pelo Exercício do Poder de Polícia, Taxas pela Prestação de Serviços, Remuneração de Depósitos Bancários, ","5","1"
"100","12","Alínea","Imposto sobre a Circulação de Mercadoria e Serviços – ICMS, Imposto sobre a Renda e Proventos de Quaisquer Natureza,  Imposto sobre a Propriedade de Veículos Automotores, Imposto sobre transmissão causa-mortis e doação.","5","1"
"101","12","Subalínea","ICMS-Indústria, ICMS-Comércio, ICMS-Serviços de Energia Elétrica, ICMS-Serviços de Comunicação, ICMS-Importação, ICMS-Simples Nacional, ICMS-Comércio Exterior, Imposto de Renda Pessoa Física – IRPF, Imposto de Renda Pessoa Jurídica – IRPJ, IPVA, ITCD.","5","1"
"102","12","Valor arrecadado","Valor da receita realizada","11","1"
"103","13","Gravação de Relatórios","Permite a exportação do resultado de uma consulta para arquivos em diversos formatos, preferencialmente abertos.","8","1"
"104","14","Frequência de Atualização","Apresentar dados  atualizados até o dia anterior ao que está sendo feita a pesquisa","12","1"
"105","14","Série Histórica","Apresentar dados referentes aos últimos 5 anos.","9","0"
"106","15","Ferramenta de pesquisa","Busca ou apresentação por Unidade Gestora, por Natureza da Receita, por Mês, etc","12","1"
"107","15","Delimitação Temporal","Possibilidade de buscar as receitas filtrando por data ","9","1"
"108","16","Nome do Cargo ou Função","Indicação do nome do cargo ou função","4","1"
"109","16","Tipo de Vínculo","Tipo de vínculo, se Efetivo, Comissionado, Temporário ou outro","4","1"
"110","16","Tabela de Remuneração dos Cargos e Funções","Demonstrativo de todos os níveis e referências, com a respectiva remuneração de cada cargo e função","8","1"
"111","16","Quantidade de Vagas Ocupadas","Quantidade de vagas do cargo ou função que estão ocupadas","4","0"
"112","16","Quantidade de Vagas em Aberto","Quantidade de vagas do cargo ou função que estão livres","4","0"
"113","16","Lei de Criação","Lei que criou ou alterou cada cargo ou função","2","0"
"114","17","Número de Matrícula","Número de matrícula identificando o Servidor na Administração Municipal","1","0"
"115","17","Número do CPF","Número do CPF do servidor, podendo estar parte oculta","2","0"
"116","17","Nome Completo do Servidor","Nome completo do Servidor","7","0"
"117","17","Cargo ou Função Ocupada","Indicação do nome do cargo ou função que o servidor coupa","2","0"
"118","17","Tipo de Vínculo","Tipo de vínculo, se Efetivo, Comissionado, Temporário ou outro","2","0"
"119","17","Data de Exercício","Data em que o servidor entrou em exercício","1","0"
"120","17","Situação Funcional","Situação do Servidor na data em pesquisa, se Ativo, em Licença Remunerada, em Licença sem Vencimentos, etc","2","0"
"121","17","Enquadramento Salarial","Identificação da Classe, Padrão, Referência ou Nível ao qual o servidor se situa em sua carreira","2","0"
"122","17","Órgão de Lotação","Órgão onde o servidor exerce suas atividades","1","0"
"123","17","Carga Horária","Informação da carga horária Semanal ou Diária do servidor","2","0"
"124","18","Número de Matrícula","Número de matrícula identificando o Servidor na Administração Municipal","1","0"
"125","18","Número do CPF","Número do CPF do servidor, podendo estar parte oculta","1","0"
"126","18","Nome Completo do Servidor","Nome completo do Servidor","4","0"
"127","18","Mês e Ano de Competência","Mês e ano ao qual se refere aquele pagamento","1","0"
"128","18","Remuneração básica","Vencimento ou Subsídio básico do cargo, isento de qualquer adicional, ou gratificação incorporada","3","0"
"129","18","Vantagens Pessoais","Adicional por Tempo de Serviço, Quinquênio, Decênio, Abono de Permanência, etc","3","0"
"130","18","Indenizações","Auxílio-alimentação, Auxílio-transporte, Auxílio Pré-escolar, Auxílio Saúde, Auxílio Natalidade, Auxílio Moradia, Ajuda de Custo, além de outras desta natureza.","3","0"
"131","18","Férias","Identificação do 1/3 de férias","3","0"
"132","18","Gratificação Natalina","Identificação do 13º Salário do Servidor Público","3","0"
"133","18","Outros Créditos","Identificação de outros valores recebidos pelo servidor, como Horas Extras, Substituição de Função, Decisões Judiciais, etc","3","0"
"135","18","Desconto Previdenciário","Desconto referente à previdência do servidor","2","0"
"136","18","Desconto por Imposto de Renda","Desconto referente ao imposto de renda","2","0"
"137","18","Desconto por Abate-Teto","Desconto pelo servidor ter recebido acima do teto constitucional","2","0"
"138","18","Outros Descontos","Outros descontos, de caráter não pessoal, que por ventura puderem ser descontados do servidor","2","0"
"139","19","Concursos em Andamento","Disponibilização dos Editais dos Concursos Públicos em andamento","9","0"
"140","19","Concursos Encerrados","Disponibilização dos Editais dos Concursos Públicos em encerrados, bem como os resultados","6","0"
"141","19","Nomeações e Convocações","Disponibilização dos atos de convocação ou nomeação de servidores públicos aprovados em concurso","9","0"
"142","20","Gravação de Relatórios","Permite a exportação do resultado de uma consulta para arquivos em diversos formatos, preferencialmente abertos.","9","1"
"143","21","Frequência de Atualização dos Salários","Apresentar Salários atualizados até o mês anterior ao que está sendo feita a pesquisa","11","0"
"144","21","Série Histórica dos Salários","Apresentar Salários referentes aos últimos 2 anos.","8","0"
"145","22","Ferramenta de pesquisa","Busca de servidores por nome, cargo, lotação, tipo de vínculo, etc","17","1"
"146","23","Órgão Licitante","Indicação do Órgão que realiza a liciação","1","1"
"147","23","Objeto Licitado","Indicação do objeto licitado, de forma clara e precisa","3","1"
"148","23","Número do Processo ou do Edital","Número do processo licitatório ou do edital de Licitação","1","1"
"149","23","Modalidade Licitatória","Indicação da modalidade, se pregão, concorrência, tomada de preços, convite","3","1"
"150","23","Data de Abertura das Propostas","Data e hora de abertura das propostas","1","1"
"151","23","Íntegra do Edital","Disponibilizar o edital e seus anexos integralmente para download de qualquer interessado","6","1"
"152","24","Órgão Licitante","Indicação do Órgão que realiza a liciação","1","1"
"153","24","Objeto Licitado","Indicação do objeto licitado, de forma clara e precisa","2","1"
"154","24","Número do Processo ou do Edital","Número do processo licitatório ou do edital de Licitação","1","1"
"155","24","Modalidade Licitatória","Indicação da modalidade, se pregão, concorrência, tomada de preços, convite","2","1"
"156","24","Data de Abertura das Propostas","Data e hora de abertura das propostas","1","1"
"157","24","Íntegra do Edital","Disponibilizar o edital e seus anexos integralmente para download de qualquer interessado","3","1"
"158","24","Íntegra da Ata","Disonibilizar a ata do certame, para download por qualquer interessado","3","1"
"159","24","Licitante Vencedor","Identificação do licitante vencedor da licitação, bem como do valor de sua proposta","1","1"
"160","24","Licitantes Classificados","Identificação dos licitantes classificados, bem como do valor de suas propostas","1","1"
"161","24","Licitantes Desclassificados","CNPJ ou Nome de cada licitante que foi desclassificado","1","1"
"162","24","Motivos de Desclassificação","Motivo de desclassificação de cada licitante","1","1"
"163","25","Data de Aquisição","Data em que o bem/produto foi entregue","1","1"
"164","25","Órgão Adquirente","Órgão que adquiriu o bem/produto","1","1"
"165","25","CNPJ do Fornecedor","CNPJ do fornecedor que vendeu o produto","2","1"
"166","25","Nome do Fornecedor","Razão social ou nome fantasia do fornecedor","2","1"
"167","25","Identificação do bem comprado","Identificação do bem ou produto entregue","2","1"
"168","25","Preço unitário","Preço de cada item","2","1"
"169","25","Unidade de Medida","Unidade de medida de cada item, como Kg, Un, Litro, Fardo, etc","1","1"
"170","25","Quantidade adquirida","Quantidade de cada item entregue","2","1"
"171","25","Valor total da Operação","Valor referente ao produto entre o preço unitário e a quantidade","2","1"
"172","26","Órgão contratante","Órgão cujo titular assina o contrato","1","1"
"173","26","CNPJ da Contratada","CNPJ do fornecedor contratado","1","1"
"174","26","Nome da Contratada","Nome ou Razão Social","2","1"
"175","26","Data Inicial","Data de Assinatura, Publicação ou Início de Vigência do Contrato","1","1"
"176","26","Vigência do Contrato","Prazo de vigência ou data de encerramento do contrato, em meses ou anos","2","1"
"177","26","Valor contratado","Valor global do contrato","2","1"
"178","26","Objeto","Descrição do objeto do contrato","2","1"
"179","26","Íntegra do Contrato","Disponibilizar o contrato integralmente para download de qualquer interessado","6","1"
"180","26","Processo licitatório origiário","Informar o número do processo ou do edital de licitação que originou o contrato, ou informação de su dispensa, caso ocorra","1","1"
"181","27","Gravação de Relatórios de Licitações","Permite a exportação do resultado de uma consulta para arquivos em diversos formatos, preferencialmente abertos.","9","1"
"182","28","Ferramenta de pesquisa de Licitações","Busca ou apresentação por Órgão, por Fornecedor, Por situação da Licitação, por Modalidade, Por Objeto","12","1"
"183","29","Atualização das Licitações","Apresentar as licitações recentes","14","1"
"184","30","Plano Plurianual","Íntegra do texto do PPA e seus anexos","6","1"
"185","30","Leis de Diretrizes Orçamentárias","Íntegra do texto da LDO e seus anexos","6","1"
"186","30","Lei Orçamentária Anual","Íntegra do texto da LOA e seus anexos","6","1"
"187","30","Créditos Suplementares","Leis e Decretos de anulações e suplementações orçamentárias","6","1"
"188","31","Relatório Resumido de Execução Orçamentária","I - balanço orçamentário: a) Receitas por fonte; b) Despesas por grupo de natureza. II - demonstrativos da execução das: a) receitas; b) despesas, por categoria econômica e grupo de natureza da despesa; c) despesas, por função e subfunção.","7","1"
"189","31","Relatório de Gestão Fiscal","Demonstrativo de Despesa com Pessoal (art I a), Dívida Consolidada (art I b), Garantias (art I c) e Operações de Crédito (art I d). Somente no último quadrimestre: Disponibilidade de Caixa (art III a) e Restos a Pagar (art III b)","10","1"
"190","32","Prestação de Contas Anual","Disponibilizar a íntegra da Prestação de Contas Anual enviada ao Tribunal de Contas","9","1"
"191","32","Parecer Prévio do Tribunal de Contas","Disponibilizar a íntegra do Parecer Prévio emitido pelo Tribunal de Contas","4","1"
"192","32","Resultado do Jultamento pelo Poder Legislativo","Disponibilizar a íntegra do Resultado do Julgamento das Contas emitido pelo Poder Legislativo Municipal","3","1"
"193","33","Auditorias e Inspeções do Controle Interno","Possibilidade de download do relatório final das auditorias realizadas pelo controle interno. Caso nenhuma auditoria tenha sido realizada, exibir declaração de que ""não há"".","8","1"
"514","94","Unidade gestora","Órgão, Autarquia, etc.","1","2"
"515","94","Processo","Número do processo administrativo","1","2"
"516","94","Bem adquirido/serviço prestado","Especificação do Produto ou serviço.","5","2"
"195","34","Atualização do PPA","Disponibilização do PPA Vigente no exercío atual","4","1"
"196","34","Atualização da LDO","Disponibilizaçã da última versão da LDO encaminhada ou aprovada pelo poder legislativo","4","1"
"197","34","Atualização da LOA","Disponibilizaçã da última versão da LOA  encaminhada ou aprovada pelo poder legislativo","4","1"
"198","34","Atualização do RREO","Publicação até 30 dias após o encerramento de cada bimestre","5","1"
"199","34","Atualização do RGF","Publicação até 30 dias após o encerramento de cada Quadrimestre (Acima de 50.000 habitantes) ou Semestre (Até 50.000 habitantes)","5","1"
"200","34","Série Histórica da Prestação de Contas","Prestações de Contas Relativas a Exercícios anteriores","3","0"
"201","35","Pesquisa nas Leis Orçamentárias","Permitir que o PPA, a LDO e LOA tenham seu conteúdo pesquisável, evitando-se que seja publicado o texto da lei como imagem.","5","1"
"202","35","Pesquisa nos Relatórios da LRF","Permitir que o RGF e o RREO tenham seu conteúdo pesquisável, evitando-se que seja publicado o texto do relatório como imagem.","5","1"
"203","36","Órgão Concedente","Identificação do Órgão responsáel pela concessão do recurso","4","2"
"204","36","CNPJ do Beneficiário","CNPJ da Empresa ou Órgão Público beneficiário da Transferência Voluntária","7","2"
"205","36","Nome do Beneficiário","Nome ou razão social da Empresa ou Órgão Público beneficiário da Transferência Voluntária","7","2"
"206","36","Data da celebração","Data de assinatura do Termo de Convênio, Acordo, Ajuste ou instrumento conjênere","4","2"
"207","36","Prazo de Vigência","Prazo de duração do Convênio ou outro instrumento","4","2"
"208","36","Objeto","Descrição detalhada do Objeto da Transferência Voluntária","9","2"
"209","36","Valor a Ceder","Valor a ser cedido durante a vigência do termo","8","2"
"210","36","Valor de Contrapartida","Contrapartida ofertada pelo beneficiário","8","2"
"211","36","Íntegra do Termo","Disponibilizar o termo de Convênio, Acordo, Ajuste ou outro instrumento, integralmente para download de qualquer interessado","9","2"
"212","37","Concedente","Identificação do Órgão Público ou outra entidade responsáel pela concessão do recurso","6","2"
"213","37","Data da celebração","Data de assinatura do Termo de Convênio, Acordo, Ajuste ou instrumento conjênere","3","2"
"214","37","Prazo de Vigência","Prazo de duração do Convênio ou outro instrumento","3","2"
"215","37","Objeto","Descrição detalhada do Objeto da Transferência Voluntária","8","2"
"216","37","Valor a Receber","Valor a ser cedido durante a vigência do termo","6","2"
"217","37","Valor de Contrapartida","Valor de contrapartida ofertada pelo município para realização do objeto","6","2"
"218","37","Íntegra do Termo","Disponibilizar o termo de Convênio, Acordo, Ajuste ou outro instrumento, integralmente para download de qualquer interessado","8","2"
"219","38","Identificação do Bem","Código Identificador do bem","3","2"
"220","38","Descrição","Descrição do bem Imóvel","7","2"
"221","38","Localização","Endereço onde o bem situa","6","2"
"222","38","Área","Área do bem imóvel, em metros quadrados, hectares, ou outra unidade","3","2"
"223","38","Valor de Avaliação","Valor de avaliação do bem imóvel","8","2"
"224","38","Data de Avaliação","Data em que o valor de avaliação foi aferido","6","2"
"225","38","Destinação Atual","Descrição da destinação do imóvel, se está em uso, cedido, desocupado, etc","3","2"
"226","39","Placa do Veículo","Placa do Veículo","7","2"
"227","39","Indicador de Propriedade","Identificar se o veículo é próprio, locado, cedido, etc","4","2"
"228","39","Marca","Marca do Veículo (ex. Ford, Fiat, etc)","4","2"
"229","39","Modelo","Modelo do Veículo (ex. Gol, Palio, Fiesta, etc)","7","2"
"230","39","Ano de Fabricação","Ano de Fabricação do Veículo","4","2"
"231","39","Cor","Cor do Veículo","4","2"
"232","39","Destinação Atual","Descrição da destinação do veículo. Se está em uso, por qual secretaria está sendo usado,  se está cedido, baixado etc","6","2"
"233","40","Identificação do Bem","Código Identificador do bem","4","2"
"234","40","Descrição do Bem","Descrição permita entender o que é o bem móvel","8","2"
"235","40","Valor de Aquisição","Valor de avaliação do bem","8","2"
"236","40","Órgão de Localização","Órgão onde o bem está localizado","8","2"
"237","41","Estrutura organizacional","Os nomes das unidades  devem ser exibidos em estrutura hierárquica, mostrando a relação de subordinação entre eles.","15","1"
"238","41","Respostas a perguntas frequentes da sociedade","O site deve possui uma seção específica onde concentre as perguntas e respostas mais frequentes sobre o Portal e a Transparência da instituição.","15","1"
"239","41","Competência","As atribuções de cada unidade deve ser explicada.","4","1"
"240","41","Endereço","O endereço deve ser composto por rua, número, bairro e CEP.","4","1"
"241","41","Telefones","Devem ser apresentados os números dos telefones, fixos e celulares, e do FAX, se houver.","4","1"
"242","41","Horário de atendimento","Dias e horários em que a população pode receber atendimento local ou por telefone.","8","1"
"244","42","Download da Base de Dados","O Portal deve permitir realizar o download completo da base de dados","15","1"
"245","42","Dados legíveis por máquina","Disponibiliza Webservice, RDF, OWL ou outra ferramenta que permita a leitura automatizada dos dados, sem precisar realizar o download","15","1"
"513","93","Valor empenhado","Indicação do valor empenhado ou do valor da anulação do empenho, incluindo também o valor do reforço do empenho, se houver","8","2"
"247","42","Integridade","Os dados informados devem estar corretos, aproximando-se dos valores apresentados em balanços e prestações de contas","20","1"
"248","43","Processo","Número do processo administrativo","1","1"
"249","43","Bem adquirido/serviço prestado","Especificação do Produto ou serviço.","5","1"
"250","43","Nome do Beneficiário","Nome ou Razão Social","6","1"
"251","43","CPF ou CNPJ do Beneficiário","CPF ou CNPJ","3","1"
"252","43","Modalidade Licitatória","Identificação da Modalidade Licitatória Aplicada. Ex: Pregão, Carta Convite, Inexigível","2","1"
"253","43","Categoria Econômica","Identificação se trata de Despesa Corrente ou Despesa de Capital","1","1"
"254","43","Grupo de Natureza da Despesa","Pessoal e Encargos Sociais, Juros e Encargos da Dívida, Outras Despesas Correntes, Investimentos, Inversões Financeiras, Amortização da Dívida","1","1"
"255","43","Modalidade de Aplicação","Aplicações Diretas, Transferências à União, Transferências a Instituições Privadas sem Fins Lucrativos, etc","1","1"
"256","43","Elemento de Despesa","Tem por finalidade identificar os objetos de gasto, tais como vencimentos e vantagens fixas, juros, diárias,
material de consumo, serviços de terceiros prestados sob qualquer forma, subvenções sociais, obras e instalações,
equipamentos e material permanen","1","1"
"257","43","Programa","O identificador da ação no PPA. Exemplo: Programa Transporte Rodoviário","1","2"
"258","43","Ação","O identificador da ação no PPA, podendo ser uma Atividade, um Projeto ou uma Operação Especial. Exemplo:  “Asfaltamento das ruas do bairo xxx""","1","2"
"259","43","Subtítulo","Informa a localização do gasto, como o Bairro, ou região do município beneficiária daquele gasto","1","2"
"260","43","Fonte dos recursos","Recursos Ordinários, Recursos de Convênios, Recursos do FUNDEB, etc","1","1"
"261","43","Função"," Se relaciona com a missão institucional do órgão, por exemplo, cultura, educação, saúde, defesa, etc","1","1"
"262","43","Subfunção","Representa um nível de agregação imediatamente inferior à função e deve evidenciar cada área da atuação governamental, por exemplo ""Educação Infantil"", ""Educação de Jovens e Adultos"", etc","1","1"
"263","43","Número da Nota de Empenho","O identificador único daquela nota de empenho","1","2"
"264","43","Data do Empenho","A data em que o empenho foi realizado","3","1"
"265","43","Valor empenhado","Indicação do valor empenhado ou do valor da anulação do empenho, incluindo também o valor do reforço do empenho, se houver","9","1"
"266","44","Processo","Número do processo administrativo","1","1"
"267","44","Bem adquirido/serviço prestado","Especificação do Produto ou serviço.","5","1"
"268","44","Nome do Beneficiário","Nome ou Razão Social","6","1"
"269","44","CPF ou CNPJ do Beneficiário","CPF ou CNPJ","3","1"
"270","44","Modalidade Licitatória","Identificação da Modalidade Licitatória Aplicada. Ex: Pregão, Carta Convite, Inexigível","1","1"
"271","44","Categoria Econômica","Identificação se trata de Despesa Corrente ou Despesa de Capital","1","1"
"272","44","Grupo de Natureza da Despesa","Pessoal e Encargos Sociais, Juros e Encargos da Dívida, Outras Despesas Correntes, Investimentos, Inversões Financeiras, Amortização da Dívida","1","1"
"273","44","Modalidade de Aplicação","Aplicações Diretas, Transferências à União, Transferências a Instituições Privadas sem Fins Lucrativos, etc","1","1"
"274","44","Elemento de Despesa","Tem por finalidade identificar os objetos de gasto, tais como vencimentos e vantagens fixas, juros, diárias,
material de consumo, serviços de terceiros prestados sob qualquer forma, subvenções sociais, obras e instalações,
equipamentos e material permanen","1","1"
"275","44","Programa","O identificador da ação no PPA. Exemplo: Programa Transporte Rodoviário","1","2"
"276","44","Ação","O identificador da ação no PPA, podendo ser uma Atividade, um Projeto ou uma Operação Especial. Exemplo:  “Asfaltamento das ruas do bairo xxx""","1","2"
"277","44","Subtítulo","Informa a localização do gasto, como o Bairro, ou região do município beneficiária daquele gasto","1","2"
"278","44","Fonte dos recursos","Recursos Ordinários, Recursos de Convênios, Recursos do FUNDEB, etc","1","1"
"279","44","Função"," Se relaciona com a missão institucional do órgão, por exemplo, cultura, educação, saúde, defesa, etc","1","1"
"280","44","Subfunção","Representa um nível de agregação imediatamente inferior à função e deve evidenciar cada área da atuação governamental, por exemplo ""Educação Infantil"", ""Educação de Jovens e Adultos"", etc","1","1"
"281","44","Número da Nota de Empenho","O identificador único daquela nota de empenho","1","2"
"282","44","Número da Nota de Liquidação","O identificador único daquela nota de liquidação","1","2"
"283","44","Data da Liquidação","A data em que a liquidação foi realizada","3","1"
"284","44","Valor liquidado ","Indicação do valor que foi liquidado","9","1"
"285","45","Processo","Número do processo administrativo","1","1"
"286","45","Bem adquirido/serviço prestado","Especificação do Produto ou serviço.","6","1"
"287","45","Nome do Beneficiário","Nome ou Razão Social","7","1"
"288","45","CPF ou CNPJ do Beneficiário","CPF ou CNPJ","4","1"
"289","45","Modalidade Licitatória","Identificação da Modalidade Licitatória Aplicada. Ex: Pregão, Carta Convite, Inexigível","3","1"
"290","45","Categoria Econômica","Identificação se trata de Despesa Corrente ou Despesa de Capital","1","1"
"291","45","Grupo de Natureza da Despesa","Pessoal e Encargos Sociais, Juros e Encargos da Dívida, Outras Despesas Correntes, Investimentos, Inversões Financeiras, Amortização da Dívida","1","1"
"292","45","Modalidade de Aplicação","Aplicações Diretas, Transferências à União, Transferências a Instituições Privadas sem Fins Lucrativos, etc","1","1"
"293","45","Elemento de Despesa","Tem por finalidade identificar os objetos de gasto, tais como vencimentos e vantagens fixas, juros, diárias,
material de consumo, serviços de terceiros prestados sob qualquer forma, subvenções sociais, obras e instalações,
equipamentos e material permanen","1","1"
"294","45","Programa","O identificador da ação no PPA. Exemplo: Programa Transporte Rodoviário","1","2"
"295","45","Ação","O identificador da ação no PPA, podendo ser uma Atividade, um Projeto ou uma Operação Especial. Exemplo:  “Asfaltamento das ruas do bairo xxx""","1","2"
"296","45","Subtítulo","Informa a localização do gasto, como o Bairro, ou região do município beneficiária daquele gasto","1","2"
"297","45","Fonte dos recursos","Recursos Ordinários, Recursos de Convênios, Recursos do FUNDEB, etc","1","1"
"298","45","Função"," Se relaciona com a missão institucional do órgão, por exemplo, cultura, educação, saúde, defesa, etc","1","1"
"299","45","Subfunção","Representa um nível de agregação imediatamente inferior à função e deve evidenciar cada área da atuação governamental, por exemplo ""Educação Infantil"", ""Educação de Jovens e Adultos"", etc","1","1"
"300","45","Número da Nota de Empenho","O identificador único daquela nota de empenho","1","2"
"301","45","Número da Nota de Liquidação","O identificador único daquela nota de liquidação","1","2"
"302","45","Número da ordem bancária","O código identificador da ordem bancária na qual o pagamento foi realizado","1","2"
"303","45","Data do Pagamento","A data em que o pagamento foi enviado ao banco","5","1"
"304","45","Valor pago","O valor que foi pago ao favorecido","11","1"
"305","46","Gravação de Relatórios","Permite a exportação do resultado de uma consulta para arquivos em diversos formatos, preferencialmente abertos.","10","1"
"306","47","Frequência de Atualização","Apresentar dados  atualizados até o dia anterior ao que está sendo feita a pesquisa","17","1"
"307","47","Série Histórica","Apresentar dados referentes aos últimos 5 anos.","13","0"
"308","48","Ferramenta de pesquisa","Busca ou apresentação por Unidade Gestora, Beneficiário, Categoria, Grupo, Função , Subfunção","17","1"
"309","48","Delimitação Temporal","Possibilidade de buscar as despesas filtrando por data ","13","1"
"505","93","Programa","O identificador da ação no PPA. Exemplo: Programa Transporte Rodoviário","1","4"
"506","93","Ação","O identificador da ação no PPA, podendo ser uma Atividade, um Projeto ou uma Operação Especial. Exemplo:  “Asfaltamento das ruas do bairo xxx""","1","4"
"504","93","Elemento de Despesa","Tem por finalidade identificar os objetos de gasto, tais como vencimentos e vantagens fixas, juros, diárias,material de consumo, serviços de terceiros prestados sob qualquer forma, subvenções sociais, obras e instalações,equipamentos e material permanente","1","2"
"503","93","Modalidade de Aplicação","Aplicações Diretas, Transferências à União, Transferências a Instituições Privadas sem Fins Lucrativos, etc","1","4"
"501","93","Categoria Econômica","Identificação se trata de Despesa Corrente ou Despesa de Capital","1","4"
"502","93","Grupo de Natureza da Despesa","Pessoal e Encargos Sociais, Juros e Encargos da Dívida, Outras Despesas Correntes, Investimentos, Inversões Financeiras, Amortização da Dívida","1","2"
"498","93","Nome do Beneficiário","Nome ou Razão Social","6","2"
"499","93","CPF ou CNPJ do Beneficiário","CPF ou CNPJ","3","2"
"500","93","Modalidade Licitatória","Identificação da Modalidade Licitatória Aplicada. Ex: Pregão, Carta Convite, Inexigível","2","2"
"497","93","Bem adquirido/serviço prestado","Especificação do Produto ou serviço.","5","2"
"496","93","Processo","Número do processo administrativo","1","2"
"495","93","Unidade gestora","Órgão, Autarquia, etc.","1","2"
"493","92","Empresa Contratada","Nome ou Razão Social da empresa contratada para executar a obraOu link para Geo Obras","6","4"
"494","92","Valor do Contrato","Valor global a ser investido na obraOu link para Geo Obras","6","4"
"491","92","Situação","Situação da obra, se em execução, paralisada, etcOu link para Geo Obras","5","4"
"492","92","Data da Situação","Data a que se refere a situaçãoOu link para Geo Obras","3","4"
"488","92","Descrição da Obra","Descrição que permita identificar de que se trata a obra.Ou link para Geo Obras","3","3"
"489","92","Data de Início","Data de início da execução da obraOu link para Geo Obras","3","3"
"490","92","Prazo de Conclusão","Prazo para conclusão da obraOu link para Geo Obras","4","3"
"487","91","Programas, Projetos e Ações","Apresentação dos principais programas, projetos e ações realizados pelo órgão","8","3"
"485","91","Telefones","Devem ser apresentados os números dos telefones, fixos e celulares, e do FAX, se houver.","2","3"
"486","91","Horário de atendimento","Dias e horários em que a população pode receber atendimento local ou por telefone.","4","3"
"484","91","Endereço","O endereço deve ser composto por rua, número, bairro e CEP.","2","3"
"482","91","Nome do Órgão","Identificação do Órgão","2","2"
"483","91","Competência","As atribuções de cada unidade deve ser explicada.","2","3"
"481","90","Respostas a perguntas frequentes da sociedade","O site deve possui uma seção específica onde concentre as perguntas e respostas mais frequentes sobre o Portal e a Transparência da instituição.","5","3"
"480","90","Estrutura organizacional","Os nomes dos órgãos devem ser exibidos em estrutura hierárquica, mostrando a relação de subordinação entre eles.","5","3"
"331","54","Nome do Cargo ou Função","Indicação do nome do cargo ou função","3","1"
"332","54","Tipo de Vínculo","Tipo de vínculo, se Efetivo, Comissionado, Temporário ou outro","3","1"
"333","54","Tabela de Remuneração dos Cargos e Funções","Demonstrativo de todos os níveis e referências, com a respectiva remuneração de cada cargo e função","7","1"
"334","54","Quantidade de Vagas Ocupadas","Quantidade de vagas do cargo ou função que estão ocupadas","3","0"
"335","54","Quantidade de Vagas em Aberto","Quantidade de vagas do cargo ou função que estão livres","3","0"
"336","54","Lei de Criação","Lei que criou ou alterou cada cargo ou função","2","0"
"337","55","Número de Matrícula","Número de matrícula identificando o Servidor na Administração Municipal","1","0"
"338","55","Número do CPF","Número do CPF do servidor, podendo estar parte oculta","2","0"
"339","55","Nome Completo do Servidor","Nome completo do Servidor","6","0"
"340","55","Cargo ou Função Ocupada","Indicação do nome do cargo ou função que o servidor coupa","1","0"
"341","55","Tipo de Vínculo","Tipo de vínculo, se Efetivo, Comissionado, Temporário ou outro","1","0"
"342","55","Data de Exercício","Data em que o servidor entrou em exercício","1","0"
"343","55","Situação Funcional","Situação do Servidor na data em pesquisa, se Ativo, em Licença Remunerada, em Licença sem Vencimentos, etc","1","0"
"344","55","Enquadramento Salarial","Identificação da Classe, Padrão, Referência ou Nível ao qual o servidor se situa em sua carreira","1","0"
"345","55","Unidade de Lotação","Unidade onde o servidor exerce suas atividades","1","0"
"346","55","Carga Horária","Informação da carga horária Semanal ou Diária do servidor","2","0"
"347","56","Número de Matrícula","Número de matrícula identificando o Servidor na Administração Municipal","1","0"
"348","56","Número do CPF","Número do CPF do servidor, podendo estar parte oculta","1","0"
"349","56","Nome Completo do Servidor","Nome completo do Servidor","4","0"
"350","56","Mês e Ano de Competência","Mês e ano ao qual se refere aquele pagamento","1","0"
"351","56","Remuneração básica","Vencimento ou Subsídio básico do cargo, isento de qualquer adicional, ou gratificação incorporada","3","0"
"352","56","Vantagens Pessoais","Adicional por Tempo de Serviço, Quinquênio, Decênio, Abono de Permanência, etc","3","0"
"353","56","Indenizações","Auxílio-alimentação, Auxílio-transporte, Auxílio Pré-escolar, Auxílio Saúde, Auxílio Natalidade, Auxílio Moradia, Ajuda de Custo, além de outras desta natureza.","3","0"
"354","56","Férias","Identificação do 1/3 de férias","3","0"
"355","56","Gratificação Natalina","Identificação do 13º Salário do Servidor Público","2","0"
"356","56","Outros Créditos","Identificação de outros valores recebidos pelo servidor, como Horas Extras, Substituição de Função, Decisões Judiciais, etc","2","0"
"358","56","Desconto Previdenciário","Desconto referente à previdência do servidor","2","0"
"359","56","Desconto por Imposto de Renda","Desconto referente ao imposto de renda","2","0"
"360","56","Desconto por Abate-Teto","Desconto pelo servidor ter recebido acima do teto constitucional","2","0"
"361","56","Outros Descontos","Outros descontos, de caráter não pessoal, que por ventura puderem ser descontados do servidor","1","0"
"362","57","Concursos em Andamento","Disponibilização dos Editais dos Concursos Públicos em andamento","8","0"
"363","57","Concursos Encerrados","Disponibilização dos Editais dos Concursos Públicos em encerrados, bem como os resultados","4","0"
"364","57","Nomeações e Convocações","Disponibilização dos atos de convocação ou nomeação de servidores públicos aprovados em concurso","8","0"
"365","58","Gravação de Relatórios","Permite a exportação do resultado de uma consulta para arquivos em diversos formatos, preferencialmente abertos.","9","1"
"366","59","Frequência de Atualização dos Salários","Apresentar Salários atualizados até o mês anterior ao que está sendo feita a pesquisa","11","0"
"367","59","Série Histórica dos Salários","Apresentar Salários referentes aos últimos 2 anos.","8","0"
"368","60","Ferramenta de pesquisa","Busca de servidores por nome, cargo, lotação, tipo de vínculo, etc","17","1"
"369","61","Objeto Licitado","Indicação do objeto licitado, de forma clara e precisa","3","1"
"370","61","Número do Processo ou do Edital","Número do processo licitatório ou do edital de Licitação","1","1"
"371","61","Modalidade Licitatória","Indicação da modalidade, se pregão, concorrência, tomada de preços, convite","3","1"
"372","61","Data de Abertura das Propostas","Data e hora de abertura das propostas","1","1"
"373","61","Íntegra do Edital","Disponibilizar o edital e seus anexos integralmente para download de qualquer interessado","7","1"
"374","62","Objeto Licitado","Indicação do objeto licitado, de forma clara e precisa","2","1"
"375","62","Número do Processo ou do Edital","Número do processo licitatório ou do edital de Licitação","1","1"
"376","62","Modalidade Licitatória","Indicação da modalidade, se pregão, concorrência, tomada de preços, convite","2","1"
"377","62","Data de Abertura das Propostas","Data e hora de abertura das propostas","1","1"
"378","62","Íntegra do Edital","Disponibilizar o edital e seus anexos integralmente para download de qualquer interessado","3","1"
"379","62","Íntegra da Ata","Disonibilizar a ata do certame, para download por qualquer interessado","4","1"
"380","62","Licitante Vencedor","Identificação do licitante vencedor da licitação, bem como do valor de sua proposta","1","1"
"381","62","Licitantes Classificados","Identificação dos licitantes classificados, bem como do valor de suas propostas","1","1"
"382","62","Licitantes Desclassificados","CNPJ ou Nome de cada licitante que foi desclassificado","1","1"
"383","62","Motivos de Desclassificação","Motivo de desclassificação de cada licitante","1","1"
"384","63","Data de Aquisição","Data em que o bem/produto foi entregue","1","1"
"385","63","CNPJ do Fornecedor","CNPJ do fornecedor que vendeu o produto","2","1"
"386","63","Nome do Fornecedor","Razão social ou nome fantasia do fornecedor","2","1"
"387","63","Identificação do bem comprado","Identificação do bem ou produto entregue","3","1"
"388","63","Preço unitário","Preço de cada item","2","1"
"389","63","Unidade de Medida","Unidade de medida de cada item, como Kg, Un, Litro, Fardo, etc","1","1"
"390","63","Quantidade adquirida","Quantidade de cada item entregue","2","1"
"391","63","Valor total da Operação","Valor referente ao produto entre o preço unitário e a quantidade","2","1"
"392","64","CNPJ da Contratada","CNPJ do fornecedor contratado","1","1"
"393","64","Nome da Contratada","Nome ou Razão Social","2","1"
"394","64","Data Inicial","Data de Assinatura, Publicação ou Início de Vigência do Contrato","1","1"
"395","64","Vigência do Contrato","Prazo de vigência ou data de encerramento do contrato, em meses ou anos","2","1"
"396","64","Valor contratado","Valor global do contrato","2","1"
"397","64","Objeto","Descrição do objeto do contrato","2","1"
"398","64","Íntegra do Contrato","Disponibilizar o contrato integralmente para download de qualquer interessado","7","1"
"399","64","Processo licitatório origiário","Informar o número do processo ou do edital de licitação que originou o contrato, ou informação de su dispensa, caso ocorra","1","1"
"400","65","Gravação de Relatórios de Licitações","Permite a exportação do resultado de uma consulta para arquivos em diversos formatos, preferencialmente abertos.","9","1"
"401","66","Ferramenta de pesquisa de Licitações","Busca ou apresentação por Órgão, por Fornecedor, Por situação da Licitação, por Modalidade, Por Objeto","12","1"
"402","67","Atualização das Licitações","Apresentar as licitações recentes","14","1"
"403","68","Relatório de Gestão Fiscal","Demonstrativo de Despesa com Pessoal (art I a). Somente no último quadrimestre: Disponibilidade de Caixa (art III a) e Restos a Pagar (art III b)","25","1"
"404","69","Prestação de Contas Anual","Disponibilizar a íntegra da Prestação de Contas Anual enviada ao Tribunal de Contas","16","1"
"405","69","Julgamento do Tribunal de Contas","Disponibilizar a íntegra do Parecer Prévio emitido pelo Tribunal de Contas","11","1"
"406","70","Auditorias e Inspeções do Controle Interno","Possibilidade de download do relatório final das auditorias realizadas pelo controle interno. Caso nenhuma auditoria tenha sido realizada, exibir declaração de que ""não há"".","13","1"
"511","93","Número da Nota de Empenho","O identificador único daquela nota de empenho","1","4"
"512","93","Data do Empenho","A data em que o empenho foi realizado","3","2"
"408","71","Atualização do RGF","Publicação até 30 dias após o encerramento de cada Quadrimestre (Acima de 50.000 habitantes) ou Semestre (Até 50.000 habitantes)","13","1"
"409","71","Série Histórica da Prestação de Contas","Prestações de Contas Relativas a Exercícios anteriores. Atentar que o TCE tem prazo de 18 meses para julgar as contas do poder legislativo municipal","9","0"
"410","72","Pesquisa nos Relatórios da LRF","Permitir que o RGF tenha seu conteúdo pesquisável, evitando-se que seja publicado o texto do relatório como imagem.","13","1"
"411","73","Identificação do Bem","Código Identificador do bem","3","2"
"412","73","Descrição","Descrição do bem Imóvel","7","2"
"413","73","Localização","Endereço onde o bem situa","6","2"
"414","73","Área","Área do bem imóvel, em metros quadrados, hectares, ou outra unidade","3","2"
"415","73","Valor de Avaliação","Valor de avaliação do bem imóvel","8","2"
"416","73","Data de Avaliação","Data em que o valor de avaliação foi aferido","6","2"
"417","73","Destinação Atual","Descrição da destinação do imóvel, se está em uso, cedido, desocupado, etc","3","2"
"418","74","Placa do Veículo","Placa do Veículo","7","2"
"419","74","Indicador de Propriedade","Identificar se o veículo é próprio, locado, cedido, etc","4","2"
"420","74","Marca","Marca do Veículo (ex. Ford, Fiat, etc)","4","2"
"421","74","Modelo","Modelo do Veículo (ex. Gol, Palio, Fiesta, etc)","7","2"
"422","74","Ano de Fabricação","Ano de Fabricação do Veículo","4","2"
"423","74","Cor","Cor do Veículo","4","2"
"424","74","Destinação Atual","Descrição da destinação do veículo. Se está em uso, por qual secretaria está sendo usado,  se está cedido, baixado etc","6","2"
"425","75","Identificação do Bem","Código Identificador do bem","4","2"
"426","75","Descrição do Bem","Descrição permita entender o que é o bem móvel","8","2"
"427","75","Valor de Aquisição","Valor de avaliação do bem","8","2"
"428","75","Unidade de Localização","Unidade Adminisrtativa ou gabinete onde o bem está localizado","8","2"
"429","76","Número","Número da Lei","5","0"
"430","76","Tipo","Lei Ordinária, Emenda à Lei Orgânica, Lei Complementar, Resolução, Decreto Legislativo","5","0"
"431","76","Ementa","Assunto de que trata a lei","5","0"
"432","76","Autor","Parlamentar que propôs a lei","5","0"
"433","76","Data de Aprovação","Data em que lei foi aprovada","5","0"
"434","76","Situação","Vetada, Sem efeito, Revogada, Em vigor, Declarada inconstitucional etc.","5","0"
"435","76","Íntegra do Texto","Íntegra do texto da Lei, em formato pesquisável, evitando-se que o conteúdo seja disposto apenas como imagem","15","0"
"436","77","Número","Código identificador da Proposição","4","2"
"437","77","Autor","Parlamentar que propôs a lei","4","2"
"438","77","Data de Proposição","Data em que o projeto começou a tramitar","5","2"
"439","77","Tipo","Propota de Lei Ordinária, de Emenda à Lei Orgânica, de Lei Complementar, Resolução, Decreto Legislativo","4","2"
"440","77","Ementa","Resumo do assunto de que trata o projeto de lei","5","2"
"441","77","Situação","Protocolado, Tramitando, Apensado, Anexado, Concluído etc.","4","2"
"442","77","Localização","Comissão, Mesa, Gabinete etc.","4","2"
"443","77","Íntegra do Texto","Íntegra do texto fo projeto de Lei, em formato pesquisável, evitando-se que o conteúdo seja disposto apenas como imagem","15","2"
"444","78","Ferramenta de pesquisa. Leis Aprovadas","Busca ou apresentação das Leis por Ano, Por Tipo, Por Situação, Por Conteúdo, por Número","18","0"
"445","78","Ferramenta de pesquisa. Proposições","Busca ou apresentação das Leis por Ano, Por Tipo, Por Situação, Por Conteúdo, por Número","18","2"
"446","79","Atualização das Legislações","Apresentar as legislações recentes","16","0"
"447","79","Série Histórica","Apresentar leis aprovadas nos últimos 5 anos.","8","0"
"448","80","Nome completo","Nome civil do parlamentar","4","0"
"449","80","Nome Político","Apelido usado pelo parlamentar. Nome pelo qual é mais conhecido","4","0"
"450","80","Partido político","Partido político ao qual pertence","3","0"
"451","80","Telefones para contato","Devem ser apresentados os números dos telefones, fixos e celulares, e do FAX, se houver.","3","0"
"452","80","Contato por meio eletrônico","Endereço de e-mail","3","0"
"507","93","Subtítulo","Informa a localização do gasto, como o Bairro, ou região do município beneficiária daquele gasto","1","4"
"508","93","Fonte dos recursos","Recursos Ordinários, Recursos de Convênios, Recursos do FUNDEB, etc","1","2"
"510","93","Subfunção","Representa um nível de agregação imediatamente inferior à função e deve evidenciar cada área da atuação governamental, por exemplo ""Educação Infantil"", ""Educação de Jovens e Adultos"", etc","1","2"
"509","93","Função"," Se relaciona com a missão institucional do órgão, por exemplo, cultura, educação, saúde, defesa, etc","1","2"
"461","83","Tema","Tema de que trata a comissão. Costuma ser o nome da comissão. Ex.: Constituição e Justiça; Esportes; Finanças, etc","2","0"
"462","83","Titulares","Parlamentares que integram a comissão","2","0"
"463","83","Cargos","Identificação do Cargo que cada parlamentar exerce na Comissão, podendo ser Relator, Secretário, Suplente, etc","1","0"
"464","83","Presidência","Indicação do parlamentar que é o presidente da comissão","1","0"
"465","83","Agenda","Informação de dias e horários que ocorrem as reuniões ordinárias da comissão","4","0"
"466","84","Data","Dia da sessão","2","0"
"467","84","Pauta","Assuntos abordados. Conhecido por ""Ordem do Dia""","4","0"
"468","84","Ata","Descrição dos resultados das votações e demais deliberações","4","0"
"469","85","Sessão","Identificação da Sessão","3","0"
"470","85","Matéria","Identificação da matéria cuja votação é exibida","3","0"
"471","85","Parlamentar","Identificação de cada parlamentar que proferiu o voto","6","0"
"472","85","Voto","Voto de cada parlamentar na matéria","8","0"
"473","86","Sessão","Identificação da Sessão","2","0"
"474","86","Parlamentar","Identificação do parlamentar cuja presença é exibida","7","0"
"475","86","Presença","Identifiacação se o Parlamentar estava Presente ou Ausente","7","0"
"476","86","Justificativa","Justificativa da ausência do Parlamentar","4","0"
"477","87","Atualização da Ata de Sessão","Apresentar dados dos últimos 30 dias","12","0"
"478","87","Atualização das Votações","Apresentar dados dos últimos 30 dias","14","0"
"479","87","Atualização da Presença","Apresentar dados dos últimos 30 dias","14","0"
"518","94","CPF ou CNPJ do Beneficiário","CPF ou CNPJ","3","2"
"519","94","Modalidade Licitatória","Identificação da Modalidade Licitatória Aplicada. Ex: Pregão, Carta Convite, Inexigível","1","2"
"520","94","Categoria Econômica","Identificação se trata de Despesa Corrente ou Despesa de Capital","1","4"
"521","94","Grupo de Natureza da Despesa","Pessoal e Encargos Sociais, Juros e Encargos da Dívida, Outras Despesas Correntes, Investimentos, Inversões Financeiras, Amortização da Dívida","1","2"
"522","94","Modalidade de Aplicação","Aplicações Diretas, Transferências à União, Transferências a Instituições Privadas sem Fins Lucrativos, etc","1","4"
"523","94","Elemento de Despesa","Tem por finalidade identificar os objetos de gasto, tais como vencimentos e vantagens fixas, juros, diárias,material de consumo, serviços de terceiros prestados sob qualquer forma, subvenções sociais, obras e instalações,equipamentos e material permanente","1","2"
"524","94","Programa","O identificador da ação no PPA. Exemplo: Programa Transporte Rodoviário","1","4"
"525","94","Ação","O identificador da ação no PPA, podendo ser uma Atividade, um Projeto ou uma Operação Especial. Exemplo:  “Asfaltamento das ruas do bairo xxx""","1","4"
"526","94","Subtítulo","Informa a localização do gasto, como o Bairro, ou região do município beneficiária daquele gasto","1","4"
"527","94","Fonte dos recursos","Recursos Ordinários, Recursos de Convênios, Recursos do FUNDEB, etc","1","2"
"528","94","Função"," Se relaciona com a missão institucional do órgão, por exemplo, cultura, educação, saúde, defesa, etc","1","2"
"529","94","Subfunção","Representa um nível de agregação imediatamente inferior à função e deve evidenciar cada área da atuação governamental, por exemplo ""Educação Infantil"", ""Educação de Jovens e Adultos"", etc","1","2"
"530","94","Número da Nota de Empenho","O identificador único daquela nota de empenho","1","4"
"531","94","Número da Nota de Liquidação","O identificador único daquela nota de liquidação","1","4"
"532","94","Data da Liquidação","A data em que a liquidação foi realizada","3","2"
"533","94","Valor liquidado ","Indicação do valor que foi liquidado","8","2"
"534","95","Unidade gestora","Órgão, Autarquia, etc.","1","2"
"535","95","Processo","Número do processo administrativo","1","2"
"536","95","Bem adquirido/serviço prestado","Especificação do Produto ou serviço.","6","2"
"537","95","Nome do Beneficiário","Nome ou Razão Social","7","2"
"538","95","CPF ou CNPJ do Beneficiário","CPF ou CNPJ","4","2"
"539","95","Modalidade Licitatória","Identificação da Modalidade Licitatória Aplicada. Ex: Pregão, Carta Convite, Inexigível","3","2"
"540","95","Categoria Econômica","Identificação se trata de Despesa Corrente ou Despesa de Capital","1","4"
"541","95","Grupo de Natureza da Despesa","Pessoal e Encargos Sociais, Juros e Encargos da Dívida, Outras Despesas Correntes, Investimentos, Inversões Financeiras, Amortização da Dívida","1","2"
"542","95","Modalidade de Aplicação","Aplicações Diretas, Transferências à União, Transferências a Instituições Privadas sem Fins Lucrativos, etc","1","4"
"543","95","Elemento de Despesa","Tem por finalidade identificar os objetos de gasto, tais como vencimentos e vantagens fixas, juros, diárias,material de consumo, serviços de terceiros prestados sob qualquer forma, subvenções sociais, obras e instalações,equipamentos e material permanente","1","2"
"544","95","Programa","O identificador da ação no PPA. Exemplo: Programa Transporte Rodoviário","1","4"
"545","95","Ação","O identificador da ação no PPA, podendo ser uma Atividade, um Projeto ou uma Operação Especial. Exemplo:  “Asfaltamento das ruas do bairo xxx""","1","4"
"546","95","Subtítulo","Informa a localização do gasto, como o Bairro, ou região do município beneficiária daquele gasto","1","4"
"547","95","Fonte dos recursos","Recursos Ordinários, Recursos de Convênios, Recursos do FUNDEB, etc","1","2"
"548","95","Função"," Se relaciona com a missão institucional do órgão, por exemplo, cultura, educação, saúde, defesa, etc","1","2"
"549","95","Subfunção","Representa um nível de agregação imediatamente inferior à função e deve evidenciar cada área da atuação governamental, por exemplo ""Educação Infantil"", ""Educação de Jovens e Adultos"", etc","1","2"
"550","95","Número da Nota de Empenho","O identificador único daquela nota de empenho","1","4"
"551","95","Número da Nota de Liquidação","O identificador único daquela nota de liquidação","1","4"
"552","95","Número da ordem bancária","O código identificador da ordem bancária na qual o pagamento foi realizado","1","4"
"553","95","Data do Pagamento","A data em que o pagamento foi enviado ao banco","5","2"
"554","95","Valor pago","O valor que foi pago ao favorecido","10","2"
"555","96","Data de Lançamento","Informar a data que a receita foi lançada","7","2"
"556","96","Unidade gestora","Informar a unidade gestora responsál pelo lançamento da receita","5","2"
"557","96","Categoria econômica","Receitas Correntes, Receitas de Capital.","4","2"
"558","96","Origem","Receita Tributária, Receita de Contribuições, Receita Patrimonial, Receita Agropecuária, Receita Industrial, Receita de Serviços, Transferências Correntes, Outras Receitas Correntes, Operações de Crédito, Alienação de Bens, Amortização de Empréstimos, Tra","4","2"
"559","96","Espécie","Impostos, Taxas, Contribuição de Melhoria, Contribuições Sociais, Contribuições de Intervenção no Domínio Econômico, Contribuição para o Custeio do Serviço de Iluminação Pública, Receitas Imobiliárias, Receitas de Valores Mobiliários, Receita de Concessõe","4","2"
"560","96","Rubrica","Impostos sobre o Comércio Exterior, Impostos sobre o Patrimônio e a Renda, Impostos sobre a Produção e a Circulação, Impostos Extraordinários, Taxas pelo Exercício do Poder de Polícia, Taxas pela Prestação de Serviços, Remuneração de Depósitos Bancários, ","4","2"
"561","96","Alínea","Imposto sobre a Circulação de Mercadoria e Serviços – ICMS, Imposto sobre a Renda e Proventos de Quaisquer Natureza,  Imposto sobre a Propriedade de Veículos Automotores, Imposto sobre transmissão causa-mortis e doação.","4","2"
"562","96","Subalínea","ICMS-Indústria, ICMS-Comércio, ICMS-Serviços de Energia Elétrica, ICMS-Serviços de Comunicação, ICMS-Importação, ICMS-Simples Nacional, ICMS-Comércio Exterior, Imposto de Renda Pessoa Física – IRPF, Imposto de Renda Pessoa Jurídica – IRPJ, IPVA, ITCD.","4","2"
"563","96","Valor Lançado","Valor da receita lançada","9","2"
"564","97","Data de Arrecadação","Informar a data que a receita foi realizada","8","2"
"565","97","Unidade gestora","Informar a unidade gestora responsál pela arrecadação da receita","6","2"
"566","97","Categoria econômica","Receitas Correntes, Receitas de Capital.","5","2"
"567","97","Origem","Receita Tributária, Receita de Contribuições, Receita Patrimonial, Receita Agropecuária, Receita Industrial, Receita de Serviços, Transferências Correntes, Outras Receitas Correntes, Operações de Crédito, Alienação de Bens, Amortização de Empréstimos, Tra","5","2"
"568","97","Espécie","Impostos, Taxas, Contribuição de Melhoria, Contribuições Sociais, Contribuições de Intervenção no Domínio Econômico, Contribuição para o Custeio do Serviço de Iluminação Pública, Receitas Imobiliárias, Receitas de Valores Mobiliários, Receita de Concessõe","5","2"
"569","97","Rubrica","Impostos sobre o Comércio Exterior, Impostos sobre o Patrimônio e a Renda, Impostos sobre a Produção e a Circulação, Impostos Extraordinários, Taxas pelo Exercício do Poder de Polícia, Taxas pela Prestação de Serviços, Remuneração de Depósitos Bancários, ","5","2"
"570","97","Alínea","Imposto sobre a Circulação de Mercadoria e Serviços – ICMS, Imposto sobre a Renda e Proventos de Quaisquer Natureza,  Imposto sobre a Propriedade de Veículos Automotores, Imposto sobre transmissão causa-mortis e doação.","5","2"
"571","97","Subalínea","ICMS-Indústria, ICMS-Comércio, ICMS-Serviços de Energia Elétrica, ICMS-Serviços de Comunicação, ICMS-Importação, ICMS-Simples Nacional, ICMS-Comércio Exterior, Imposto de Renda Pessoa Física – IRPF, Imposto de Renda Pessoa Jurídica – IRPJ, IPVA, ITCD.","5","2"
"572","97","Valor arrecadado","Valor da receita realizada","11","2"
"573","98","Nome do Cargo ou Função","Indicação do nome do cargo ou função","3","4"
"574","98","Tipo de Vínculo","Tipo de vínculo, se Efetivo, Comissionado, Temporário ou outro","3","4"
"575","98","Tabela de Remuneração dos Cargos e Funções","Demonstrativo de todos os níveis e referências, com a respectiva remuneração de cada cargo e função","7","4"
"576","98","Quantidade de Vagas Ocupadas","Quantidade de vagas do cargo ou função que estão ocupadas","4","4"
"577","98","Quantidade de Vagas em Aberto","Quantidade de vagas do cargo ou função que estão livres","4","4"
"578","98","Lei de Criação","Lei que criou ou alterou cada cargo ou função","1","4"
"579","99","Número de Matrícula","Número de matrícula identificando o Servidor na Administração Municipal","1","4"
"580","99","Número do CPF","Número do CPF do servidor, podendo estar parte oculta","2","4"
"581","99","Nome Completo do Servidor","Nome completo do Servidor","5","4"
"582","99","Cargo ou Função Ocupada","Indicação do nome do cargo ou função que o servidor coupa","1","4"
"583","99","Tipo de Vínculo","Tipo de vínculo, se Efetivo, Comissionado, Temporário ou outro","1","4"
"584","99","Data de Exercício","Data em que o servidor entrou em exercício","1","4"
"585","99","Situação Funcional","Situação do Servidor na data em pesquisa, se Ativo, em Licença Remunerada, em Licença sem Vencimentos, etc","2","4"
"586","99","Enquadramento Salarial","Identificação da Classe, Padrão, Referência ou Nível ao qual o servidor se situa em sua carreira","2","4"
"587","99","Órgão de Lotação","Órgão onde o servidor exerce suas atividades","1","4"
"588","99","Carga Horária","Informação da carga horária Semanal ou Diária do servidor","2","4"
"589","100","Número de Matrícula","Número de matrícula identificando o Servidor na Administração Municipal","2","4"
"590","100","Número do CPF","Número do CPF do servidor, podendo estar parte oculta","2","4"
"591","100","Nome Completo do Servidor","Nome completo do Servidor","3","4"
"592","100","Mês e Ano de Competência","Mês e ano ao qual se refere aquele pagamento","1","4"
"593","100","Remuneração básica","Vencimento ou Subsídio básico do cargo, isento de qualquer adicional, ou gratificação incorporada","3","4"
"594","100","Vantagens Pessoais","Adicional por Tempo de Serviço, Quinquênio, Decênio, Abono de Permanência, etc","3","4"
"595","100","Indenizações","Auxílio-alimentação, Auxílio-transporte, Auxílio Pré-escolar, Auxílio Saúde, Auxílio Natalidade, Auxílio Moradia, Ajuda de Custo, além de outras desta natureza.","3","4"
"596","100","Férias","Identificação do 1/3 de férias","3","4"
"597","100","Gratificação Natalina","Identificação do 13º Salário do Servidor Público","3","4"
"598","100","Outros Créditos","Identificação de outros valores recebidos pelo servidor, como Horas Extras, Substituição de Função, Decisões Judiciais, etc","3","4"
"599","100","Desconto Previdenciário","Desconto referente à previdência do servidor","1","4"
"600","100","Desconto por Imposto de Renda","Desconto referente ao imposto de renda","1","4"
"601","100","Desconto por Abate-Teto","Desconto pelo servidor ter recebido acima do teto constitucional","1","4"
"602","100","Outros Descontos","Outros descontos, de caráter não pessoal, que por ventura puderem ser descontados do servidor","1","4"
"603","101","Concursos em Andamento","Disponibilização dos Editais dos Concursos Públicos em andamento","8","4"
"604","101","Concursos Encerrados","Disponibilização dos Editais dos Concursos Públicos em encerrados, bem como os resultados","6","4"
"605","101","Nomeações e Convocações","Disponibilização dos atos de convocação ou nomeação de servidores públicos aprovados em concurso","6","4"
"606","102","Órgão Licitante","Indicação do Órgão que realiza a liciação","1","3"
"607","102","Objeto Licitado","Indicação do objeto licitado, de forma clara e precisa","4","3"
"608","102","Número do Processo ou do Edital","Número do processo licitatório ou do edital de Licitação","2","3"
"609","102","Modalidade Licitatória","Indicação da modalidade, se pregão, concorrência, tomada de preços, convite","4","4"
"610","102","Data de Abertura das Propostas","Data e hora de abertura das propostas","2","3"
"611","102","Íntegra do Edital","Disponibilizar o edital e seus anexos integralmente para download de qualquer interessado","8","3"
"612","103","Órgão Licitante","Indicação do Órgão que realiza a liciação","1","4"
"613","103","Objeto Licitado","Indicação do objeto licitado, de forma clara e precisa","3","4"
"614","103","Número do Processo ou do Edital","Número do processo licitatório ou do edital de Licitação","2","4"
"615","103","Modalidade Licitatória","Indicação da modalidade, se pregão, concorrência, tomada de preços, convite","2","4"
"616","103","Data de Abertura das Propostas","Data e hora de abertura das propostas","1","4"
"617","103","Íntegra do Edital","Disponibilizar o edital e seus anexos integralmente para download de qualquer interessado","4","3"
"618","103","Íntegra da Ata","Disonibilizar a ata do certame, para download por qualquer interessado","4","4"
"619","103","Licitante Vencedor","Identificação do licitante vencedor da licitação, bem como do valor de sua proposta","2","4"
"620","103","Licitantes Classificados","Identificação dos licitantes classificados, bem como do valor de suas propostas","2","4"
"621","103","Licitantes Desclassificados","CNPJ ou Nome de cada licitante que foi desclassificado","1","4"
"622","103","Motivos de Desclassificação","Motivo de desclassificação de cada licitante","1","4"
"623","104","Data de Aquisição","Data em que o bem/produto foi entregue","1","3"
"624","104","Órgão Adquirente","Órgão que adquiriu o bem/produto","1","3"
"625","104","CNPJ do Fornecedor","CNPJ do fornecedor que vendeu o produto","3","3"
"626","104","Nome do Fornecedor","Razão social ou nome fantasia do fornecedor","3","3"
"627","104","Identificação do bem comprado","Identificação do bem ou produto entregue","3","3"
"628","104","Preço unitário","Preço de cada item","3","3"
"629","104","Unidade de Medida","Unidade de medida de cada item, como Kg, Un, Litro, Fardo, etc","2","4"
"630","104","Quantidade adquirida","Quantidade de cada item entregue","3","3"
"631","104","Valor total da Operação","Valor referente ao produto entre o preço unitário e a quantidade","2","3"
"632","105","Órgão contratante","Órgão cujo titular assina o contrato","1","3"
"633","105","CNPJ da Contratada","CNPJ do fornecedor contratado","2","3"
"634","105","Nome da Contratada","Nome ou Razão Social","2","3"
"635","105","Data Inicial","Data de Assinatura, Publicação ou Início de Vigência do Contrato","2","4"
"636","105","Vigência do Contrato","Prazo de vigência do contrato, em meses ou anos","2","4"
"637","105","Valor contratado","Valor global do contrato","3","4"
"638","105","Objeto","Descrição do objeto do contrato","3","3"
"639","105","Íntegra do Contrato","Disponibilizar o contrato integralmente para download de qualquer interessado","8","3"
"640","105","Processo licitatório origiário","Informar o número do processo ou do edital de licitação que originou o contrato, ou informação de su dispensa, caso ocorra","2","4"
"641","106","Plano Plurianual","Íntegra do texto do PPA e seus anexos","6","3"
"642","106","Leis de Diretrizes Orçamentárias","Íntegra do texto da LDO e seus anexos","6","3"
"643","106","Lei Orçamentária Anual","Íntegra do texto da LOA e seus anexos","7","3"
"644","106","Créditos Suplementares","Leis e Decretos de anulações e suplementações orçamentárias","6","4"
"645","107","Relatório Resumido de Execução Orçamentária","Disponibiliar o RREO para consulta na íntegra","10","2"
"646","107","Relatório de Gestão Fiscal","Disponibiliar o RGF para consulta na íntegra","15","2"
"647","108","Prestação de Contas Anual","Disponibilizar a íntegra da Prestação de Contas Anual enviada ao Tribunal de Contas","12","3"
"648","108","Parecer Prévio do Tribunal de Contas","Disponibilizar a íntegra do Parecer Prévio emitido pelo Tribunal de Contas","7","4"
"649","108","Resultado do Jultamento pelo Poder Legislativo","Disponibilizar a íntegra do Resultado do Julgamento das Contas emitido pelo Poder Legislativo Municipal","6","4"
"650","109","Auditorias e Inspeções do Controle Interno","Possibilidade de download do relatório final das auditorias realizadas pelo controle interno. Caso nenhuma auditoria tenha sido realizada, exibir declaração de que ""não há"".","15","3"
"651","110","Órgão Concedente","Identificação do Órgão responsáel pela concessão do recurso","1","4"
"652","110","CNPJ do Beneficiário","CNPJ da Empresa ou Órgão Público beneficiário da Transferência Voluntária","3","4"
"653","110","Nome do Beneficiário","Nome ou razão social da Empresa ou Órgão Público beneficiário da Transferência Voluntária","3","4"
"654","110","Data da celebração","Data de assinatura do Termo de Convênio, Acordo, Ajuste ou instrumento conjênere","3","4"
"655","110","Prazo de Vigência","Prazo de duração do Convênio ou outro instrumento","3","4"
"656","110","Objeto","Descrição detalhada do Objeto da Transferência Voluntária","6","4"
"657","110","Valor a Ceder","Valor a ser cedido durante a vigência do termo","5","4"
"658","110","Valor de Contrapartida","Contrapartida ofertada pelo beneficiário","5","4"
"659","110","Íntegra do Termo","Disponibilizar o termo de Convênio, Acordo, Ajuste ou outro instrumento, integralmente para download de qualquer interessado","6","4"
"660","111","Concedente","Identificação do Órgão Público ou outra entidade responsáel pela concessão do recurso","2","4"
"661","111","Data da celebração","Data de assinatura do Termo de Convênio, Acordo, Ajuste ou instrumento conjênere","2","4"
"662","111","Prazo de Vigência","Prazo de duração do Convênio ou outro instrumento","2","4"
"663","111","Objeto","Descrição detalhada do Objeto da Transferência Voluntária","6","4"
"664","111","Valor a Receber","Valor a ser cedido durante a vigência do termo","4","4"
"665","111","Valor de Contrapartida","Valor de contrapartida ofertada pelo município para realização do objeto","3","4"
"666","111","Íntegra do Termo","Disponibilizar o termo de Convênio, Acordo, Ajuste ou outro instrumento, integralmente para download de qualquer interessado","6","4"
"667","112","Identificação do Bem","Código Identificador do bem","3","4"
"668","112","Descrição","Descrição do bem Imóvel","5","4"
"669","112","Localização","Endereço onde o bem situa","5","4"
"670","112","Área","Área do bem imóvel, em metros quadrados, hectares, ou outra unidade","2","4"
"671","112","Valor de Avaliação","Valor de avaliação do bem imóvel","7","4"
"672","112","Data de Avaliação","Data em que o valor de avaliação foi aferido","4","4"
"673","112","Destinação Atual","Descrição da destinação do imóvel, se está em uso, cedido, desocupado, etc","4","4"
"674","113","Placa do Veículo","Placa do Veículo","7","4"
"675","113","Indicador de Propriedade","Identificar se o veículo é próprio, locado, cedido, etc","3","4"
"676","113","Marca","Marca do Veículo (ex. Ford, Fiat, etc)","4","4"
"677","113","Modelo","Modelo do Veículo (ex. Gol, Palio, Fiesta, etc)","4","4"
"678","113","Ano de Fabricação","Ano de Fabricação do Veículo","3","4"
"679","113","Cor","Cor do Veículo","3","4"
"680","113","Destinação Atual","Descrição da destinação do veículo. Se está em uso, por qual secretaria está sendo usado,  se está cedido, baixado etc","6","4"
"681","114","Identificação do Bem","Código Identificador do bem","2","4"
"682","114","Descrição do Bem","Descrição permita entender o que é o bem móvel","6","4"
"683","114","Valor de Aquisição","Valor de avaliação do bem imóvel","6","4"
"684","114","Órgão de Localização","Órgão onde o bem está localizado","6","4"
"685","115","Download da Base de Dados","O Portal deve permitir realizar o download completo da base de dados","15","5"
"686","115","Dados legíveis por máquina","Disponibiliza Webservice, RDF, OWL ou outra ferramenta que permita a leitura automatizada dos dados, sem precisar realizar o download","10","3"
"687","115","Integridade","Os dados informados devem estar corretos, aproximando-se dos valores apresentados em balanços e prestações de contas","10","3"
"688","116","Gravação de Relatórios de Despesa","Permite a exportação do resultado de uma consulta para arquivos em diversos formatos, preferencialmente abertos.","5","3"
"689","116","Gravação de Relatórios de Receita","Permite a exportação do resultado de uma consulta para arquivos em diversos formatos, preferencialmente abertos.","5","3"
"690","116","Gravação de Relatórios de Pessoal","Permite a exportação do resultado de uma consulta para arquivos em diversos formatos, preferencialmente abertos.","5","3"
"691","116","Gravação de Relatórios de Licitações","Permite a exportação do resultado de uma consulta para arquivos em diversos formatos, preferencialmente abertos.","5","3"
"692","117","Frequência de Atualização da Despesa","Apresentar dados  atualizados até o dia anterior ao que está sendo feita a pesquisa","7","2"
"693","117","Série Histórica da Despesa","Apresentar dados referentes aos últimos 5 anos.","4","5"
"694","117","Frequência de Atualização da Receita","Apresentar dados  atualizados até o dia anterior ao que está sendo feita a pesquisa","7","2"
"695","117","Série Histórica da Receita","Apresentar dados referentes aos últimos 5 anos.","4","5"
"696","117","Frequência de Atualização de Pessoal","Apresentar dados  atualizados até o mês anterior ao que está sendo feita a pesquisa","4","5"
"697","117","Série Histórica dos Salários","Apresentar dados referentes aos últimos 2 anos.","3","5"
"698","117","Atualização das Licitações","Apresentar as licitações recentes","4","5"
"699","117","Atualização do PPA","Disponibilização do PPA Vigente no exercío atual","2","5"
"700","117","Atualização da LDO","Disponibilizaçã da última versão da LDO encaminhada ou aprovada pelo poder legislativo","2","5"
"701","117","Atualização da LOA","Disponibilizaçã da última versão da LOA  encaminhada ou aprovada pelo poder legislativo","2","5"
"702","117","Atualização do RREO","Publicação até 30 dias após o encerramento de cada bimestre","2","2"
"703","117","Atualização do RGF","Publicação até 30 dias após o encerramento de cada Quadrimestre","2","2"
"704","117","Série Histórica da Prestação de Contas","Prestações de Contas Relativas a Exercícios anteriores","2","5"
"705","118","Ferramenta de pesquisa da Despesa","Busca ou apresentação por Unidade Gestora, Beneficiário, Categoria, Grupo, Função , Subfunção","7","3"
"706","118","Delimitação Temporal da Despesa","Possibilidade de buscar as despesas filtrando por data ","3","3"
"707","118","Ferramenta de pesquisa da Receita","Busca ou apresentação por Unidade Gestora, por Natureza da Receita, por Mês, etc","7","3"
"708","118","Delimitação Temporal da Receita","Possibilidade de buscar as receitas filtrando por data ","3","3"
"709","118","Ferramenta de pesquisa de Pessoal","Busca de servidores por nome, cargo, lotação, tipo de vínculo, etc","7","3"
"710","118","Ferramenta de pesquisa de Licitações","Busca ou apresentação por Órgão, por Fornecedor, Por situação da Licitação, por Modalidade, Por Objeto","7","3"
"711","118","Pesquisa nas Leis Orçamentárias","Permitir que o PPA, a LDO e LOA tenham seu conteúdo pesquisável, evitando-se que seja publicado o texto da lei como imagem.","3","3"
"712","118","Pesquisa nos Relatórios da LRF","Permitir que o RGF e o RREO tenham seu conteúdo pesquisável, evitando-se que seja publicado o texto do relatório como imagem.","3","3"
"713","119","Controle de Contraste","Disponibilizar comando para aumentar o contraste entre as cores da página","8","5"
"714","119","Redimensionamento de Fonte","Disponibilizar comando para redimensionar o tamanho das fontes de todos os textos do site","8","5"
"715","119","Funcionamento com leitor de tela","Permitir o funcionamento de leitores de tela, como o NVDA","10","5"
"716","119","Atalhos de Teclado","Permitir o acesso às principais funcionalidades por meio do uso de atalhos de teclado.","9","5"
"717","120","Prioridade A","Ausência de erros segundo a Prioridade A do WCAG 2.0, apurados automaticamente","12","5"
"718","120","Prioridade AA","Ausência de erros segundo a Prioridade A do WCAG 2.0, apurados automaticamente","9","5"
"719","120","Prioridade AAA","Ausência de erros segundo a Prioridade A do WCAG 2.0, apurados automaticamente","4","5"
"720","121","Glossário","Refere-se à Heurística Terminologia Adequada. Busca-se a disponibilização de glossário e explicações sobre os termos utilizados.","4","5"
"721","121","Breadcrumb","Refere-se à Heurísticas Visibilidade do Status. Busca-se a apresentação do status atual do sistema, com a disponibilização de estruturas como breadcrumbs","4","5"
"722","121","Uso de ícones","Refere-se à heurística Reconhecimento ao invés de Lembrança. Busca-se o uso de Ícones ao invés de texto nas chamadas das consultas","3","5"
"723","121","Domínio município.es.gov.br","O website de transparência deve estar hospedado no domínio municipio.UF.gov.br","2","5"
"724","122","Prevenção de Erros","Impedir o usuário de selecionar uma data inválida, na consulta de receitas ou despesas","3","5"
"725","122","Ajuda","Refere-se à heurística Ajuda e documentação. Busca-se o manual de usuário ou menu de ajuda, auxiliando o usuário a navegar no Portal e a identificar o uso de cada funcionalidade","6","5"
"726","122","Mapa do Site","Refere-se à heurística Ajuda e documentação. Busca-se a disponibilização de um mapa do site","6","5"
"727","123","Gráficos","Exibição das despesas ou receitas em formato gráfico","10","5"
"728","123","Navegação nos gráficos (drill down)","Disponibilizar gráficos navegáveis. Isto é, ao clicar em uma seção do gráfico, mais informações detalhadas são exibidas","7","5"
"729","123","Ordenação de tabelas","Permitir ordenar as tabelas de dados por qualquer um dos campos exibidos","4","5"
"730","123","Totalizadores nos resultados","Exibir os totalizadores dos resultados das consultas","4","5"
"731","124","Consultas Personalizadas","Permitir que o usuário construa sua própria consulta, ao invés de apenas ter as agregações fixas","10","5"
"732","124","Evoluções no tempo","Exibição de despesas e receitas por várias unidades de tempo, em uma mesma consulta","6","5"
"733","124","Comparações em períodos distintos","Exibir os resultados, comparando-se com períodos distintos, como o mês anterior ou o mesmo mês do ano anterior","6","5"
"734","125","Compatibilidade com o Google Chrome","Funcionamento do site, sem exigência de instalação de plugins ou comlementos, no browser Google Chrome","6","5"
"735","125","Compatibilidade com o Internet Explorer","Funcionamento do site, sem exigência de instalação de plugins ou comlementos, no browser Internet Explorer","3","5"
"736","125","Compatibilidade com o Mozilla Firefox","Funcionamento do site, sem exigência de instalação de plugins ou comlementos, no browser Mozilla Firefox","3","5"
"737","125","Compatibilidade com o Safari","Funcionamento do site, sem exigência de instalação de plugins ou comlementos, no browser Safari","1","5"
"738","126","Compatibilidade com Android","Funcionamento do Portal da Transparência, no browser padrão de aparelho celular com sistema operacional Android","8","5"
"739","126","Compatibilidade com IOS","Funcionamento do Portal da Transparência, no browser padrão de aparelho celular com sistema operacional IOS","4","5"
