"1","1","Presente","1"
"4","1","Ausente","0"
"5","2","Presente","1"
"6","2","Ausente","0"
"7","3","Presente","1"
"8","3","Ausente","0"
"9","4","Presente","1"
"10","4","Ausente","0"
"11","5","Presente","1"
"12","5","Ausente","0"
"13","6","Presente","1"
"14","6","Ausente","0"
"15","7","Presente","1"
"16","7","Ausente","0"
"17","8","Presente","1"
"18","8","Ausente","0"
"19","9","Presente","1"
"20","9","Ausente","0"
"21","10","Presente","1"
"22","10","Ausente","0"
"23","11","Presente","1"
"24","11","Ausente","0"
"25","12","Presente","1"
"26","12","Ausente","0"
"27","13","Presente","1"
"28","13","Ausente","0"
"29","14","Presente","1"
"30","14","Ausente","0"
"31","15","Presente","1"
"32","15","Ausente","0"
"33","16","Permite o download de dos dados de despesas, receitas e servidores","1"
"34","16","Permite o download de algumas bases de dados. Só despesas, ou só receitas ou só servidores ","0.5"
"35","16","Não permite","0"
"36","17","Disponibiliza pelo menos os dos dados de despesas, receitas e servidores","1"
"37","17","Disponibiliza algumas bases de dados. Só despesas, ou só receitas ou só servidores ","0.5"
"38","17","Não disponibiliza dados legíveis por máquina","0"
"39","18","Uptime acima de 99%","1"
"40","18","Utpime entre 95% e 99%","0.5"
"41","18","Uptime abaixo de 95%","0"
"42","19","Variação de até 5%","1"
"43","19","Variação entre 5% e 10%","0.75"
"44","19","Variação entre 10% e 20%","0.5"
"45","19","Variação maior que 20%","0"
"46","20","Informado com a Data, Fornecedor e Valor","1"
"47","20","Informado em nível alto de granularidade","0.5"
"48","20","Ausente","0"
"49","21","Informado com a Data, Fornecedor, Órgão e Valor","1"
"50","21","Informado em nível alto de granularidade","0.5"
"51","21","Ausente","0"
"52","22","Informado com a Data, Fornecedor, Órgão e Valor","1"
"53","22","Informado em nível alto de granularidade","0.5"
"54","22","Ausente","0"
"55","23","Informado com a Data, Órgão e Valor","1"
"56","23","Informado em nível alto de granularidade","0.5"
"57","23","Ausente","0"
"58","24","Informado com a Data, Órgão e Valor","1"
"59","24","Informado com Data, Órgão e Valor, mas com parte Oculta","0.75"
"60","24","Informado em nível alto de granularidade","0.5"
"61","24","Informado em nível alto de granularidade, mas com parte Oculta","0.25"
"62","24","Ausente","0"
"63","25","Informado com a Data, Fornecedor, Órgão e Valor","1"
"64","25","Informado em nível alto de granularidade","0.5"
"65","25","Ausente","0"
"66","26","Informado com a Data, Fornecedor, Órgão e Valor","1"
"67","26","Informado em nível alto de granularidade","0.5"
"68","26","Ausente","0"
"69","27","Informado com a Data, Fornecedor, Órgão e Valor","1"
"70","27","Informado em nível alto de granularidade","0.5"
"71","27","Ausente","0"
"72","28","Informado com a Data, Fornecedor, Órgão e Valor","1"
"73","28","Informado em nível alto de granularidade","0.5"
"74","28","Ausente","0"
"75","29","Informado com a Data, Fornecedor, Órgão e Valor","1"
"76","29","Informado em nível alto de granularidade","0.5"
"77","29","Ausente","0"
"78","30","Informado com a Data, Fornecedor, Órgão e Valor","1"
"79","30","Informado em nível alto de granularidade","0.5"
"80","30","Ausente","0"
"81","31","Informado com a Data, Fornecedor, Órgão e Valor","1"
"82","31","Informado em nível alto de granularidade","0.5"
"83","31","Ausente","0"
"84","32","Informado com a Data, Fornecedor, Órgão e Valor","1"
"85","32","Informado em nível alto de granularidade","0.5"
"86","32","Ausente","0"
"87","33","Informado com a Data, Fornecedor, Órgão e Valor","1"
"88","33","Informado em nível alto de granularidade","0.5"
"89","33","Ausente","0"
"90","34","Informado com a Data, Fornecedor, Órgão e Valor","1"
"91","34","Informado em nível alto de granularidade","0.5"
"92","34","Ausente","0"
"93","35","Informado com a Data, Fornecedor, Órgão e Valor","1"
"94","35","Informado em nível alto de granularidade","0.5"
"95","35","Ausente","0"
"96","36","Presente","1"
"97","36","Ausente","0"
"98","37","Presente","1"
"99","37","Ausente","0"
"100","38","Informado com a Data, Fornecedor e Órgão","1"
"101","38","Informado em nível alto de granularidade","0.5"
"102","38","Ausente","0"
"103","39","Informado com a Data, Fornecedor e Valor","1"
"104","39","Informado em nível alto de granularidade","0.5"
"105","39","Ausente","0"
"106","40","Informado com a Data, Fornecedor, Órgão e Valor","1"
"107","40","Informado em nível alto de granularidade","0.5"
"108","40","Ausente","0"
"109","41","Informado com a Data, Fornecedor, Órgão e Valor","1"
"110","41","Informado em nível alto de granularidade","0.5"
"111","41","Ausente","0"
"112","42","Informado com a Data, Órgão e Valor","1"
"113","42","Informado em nível alto de granularidade","0.5"
"114","42","Ausente","0"
"115","43","Informado com a Data, Órgão e Valor","1"
"116","43","Informado com Data, Órgão e Valor, mas com parte Oculta","0.75"
"117","43","Informado em nível alto de granularidade","0.5"
"118","43","Informado em nível alto de granularidade, mas com parte Oculta","0.25"
"119","43","Ausente","0"
"120","44","Informado com a Data, Fornecedor, Órgão e Valor","1"
"121","44","Informado em nível alto de granularidade","0.5"
"122","44","Ausente","0"
"123","45","Informado com a Data, Fornecedor, Órgão e Valor","1"
"124","45","Informado em nível alto de granularidade","0.5"
"125","45","Ausente","0"
"126","46","Informado com a Data, Fornecedor, Órgão e Valor","1"
"127","46","Informado em nível alto de granularidade","0.5"
"128","46","Ausente","0"
"129","47","Informado com a Data, Fornecedor, Órgão e Valor","1"
"130","47","Informado em nível alto de granularidade","0.5"
"131","47","Ausente","0"
"132","48","Informado com a Data, Fornecedor, Órgão e Valor","1"
"133","48","Informado em nível alto de granularidade","0.5"
"134","48","Ausente","0"
"135","49","Informado com a Data, Fornecedor, Órgão e Valor","1"
"136","49","Informado em nível alto de granularidade","0.5"
"137","49","Ausente","0"
"138","50","Informado com a Data, Fornecedor, Órgão e Valor","1"
"139","50","Informado em nível alto de granularidade","0.5"
"140","50","Ausente","0"
"141","51","Informado com a Data, Fornecedor, Órgão e Valor","1"
"142","51","Informado em nível alto de granularidade","0.5"
"143","51","Ausente","0"
"144","52","Informado com a Data, Fornecedor, Órgão e Valor","1"
"145","52","Informado em nível alto de granularidade","0.5"
"146","52","Ausente","0"
"147","53","Informado com a Data, Fornecedor, Órgão e Valor","1"
"148","53","Informado em nível alto de granularidade","0.5"
"149","53","Ausente","0"
"150","54","Informado com a Data, Fornecedor, Órgão e Valor","1"
"151","54","Informado em nível alto de granularidade","0.5"
"152","54","Ausente","0"
"153","55","Presente","1"
"154","55","Ausente","0"
"155","56","Presente","1"
"156","56","Ausente","0"
"157","57","Presente","1"
"158","57","Ausente","0"
"159","58","Informado com a Data, Fornecedor e Órgão","1"
"160","58","Informado em nível alto de granularidade","0.5"
"161","58","Ausente","0"
"162","59","Informado com a Data, Fornecedor e Valor","1"
"163","59","Informado em nível alto de granularidade","0.5"
"164","59","Ausente","0"
"165","60","Informado com a Data, Fornecedor, Órgão e Valor","1"
"166","60","Informado em nível alto de granularidade","0.5"
"167","60","Ausente","0"
"168","61","Informado com a Data, Fornecedor, Órgão e Valor","1"
"169","61","Informado em nível alto de granularidade","0.5"
"170","61","Ausente","0"
"171","62","Informado com a Data, Órgão e Valor","1"
"172","62","Informado em nível alto de granularidade","0.5"
"173","62","Ausente","0"
"174","63","Informado com a Data, Órgão e Valor","1"
"175","63","Informado com Data, Órgão e Valor, mas com parte Oculta","0.75"
"176","63","Informado em nível alto de granularidade","0.5"
"177","63","Informado em nível alto de granularidade, mas com parte Oculta","0.25"
"178","63","Ausente","0"
"179","64","Informado com a Data, Fornecedor, Órgão e Valor","1"
"180","64","Informado em nível alto de granularidade","0.5"
"181","64","Ausente","0"
"182","65","Informado com a Data, Fornecedor, Órgão e Valor","1"
"183","65","Informado em nível alto de granularidade","0.5"
"184","65","Ausente","0"
"185","66","Informado com a Data, Fornecedor, Órgão e Valor","1"
"186","66","Informado em nível alto de granularidade","0.5"
"187","66","Ausente","0"
"188","67","Informado com a Data, Fornecedor, Órgão e Valor","1"
"189","67","Informado em nível alto de granularidade","0.5"
"190","67","Ausente","0"
"191","68","Informado com a Data, Fornecedor, Órgão e Valor","1"
"192","68","Informado em nível alto de granularidade","0.5"
"193","68","Ausente","0"
"194","69","Informado com a Data, Fornecedor, Órgão e Valor","1"
"195","69","Informado em nível alto de granularidade","0.5"
"196","69","Ausente","0"
"197","70","Informado com a Data, Fornecedor, Órgão e Valor","1"
"198","70","Informado em nível alto de granularidade","0.5"
"199","70","Ausente","0"
"200","71","Informado com a Data, Fornecedor, Órgão e Valor","1"
"201","71","Informado em nível alto de granularidade","0.5"
"202","71","Ausente","0"
"203","72","Informado com a Data, Fornecedor, Órgão e Valor","1"
"204","72","Informado em nível alto de granularidade","0.5"
"205","72","Ausente","0"
"206","73","Informado com a Data, Fornecedor, Órgão e Valor","1"
"207","73","Informado em nível alto de granularidade","0.5"
"208","73","Ausente","0"
"209","74","Informado com a Data, Fornecedor, Órgão e Valor","1"
"210","74","Informado em nível alto de granularidade","0.5"
"211","74","Ausente","0"
"212","75","Presente","1"
"213","75","Ausente","0"
"214","76","Presente","1"
"215","76","Ausente","0"
"216","77","Presente","1"
"217","77","Ausente","0"
"218","78","Presente","1"
"219","78","Ausente","0"
"220","79","Informado com a Data, Fornecedor e Órgão","1"
"221","79","Informado em nível alto de granularidade","0.5"
"222","79","Ausente","0"
"223","80","Exporta em mais de um formato, sendo pelo menos 1 aberto","1"
"224","80","Exporta em mais de um formato, com nenhum aberto","0.75"
"225","80","Exporta em apenas um formato, mas aberto","0.5"
"226","80","Exporta em apenas um formato, proprietário","0.25"
"227","80","Não exporta","0"
"228","81","Diária","1"
"229","81","Semanal","0.75"
"230","81","Quinzenal","0.5"
"231","81","Mensal","0.25"
"232","81","Dados com mais de um mês de atraso","0"
"233","82","5 anos ou mais","1"
"234","82","Entre 4 e 5 anos","0.75"
"235","82","Entre 3 e 4 anos","0.5"
"236","82","Menos de 2 anos","0"
"237","83","Acima de 3 pesquisas diferentes","1"
"238","83","2 ou 3 pesquisas diferentes","0.75"
"239","83","Apenas 1 pesquisa","0.5"
"240","83","Nenhuma pesquisa","0"
"241","84","Pesquisar despesaspor dia, mês e ano, inicial e final","1"
"242","84","Pesquisar apenas por mês e ano","0.5"
"243","84","Pesquisar apenas por ano","0.25"
"244","84","Sem possibilidade de delimitação","0"
"245","85","Presente","1"
"246","85","Ausente","0"
"247","86","Informada com a data, subalínea e valor","1"
"248","86","Informada em nível alto de granularidade","0.5"
"249","86","Ausente","0"
"250","87","Informada com a data, unidade gestora,  subalínea e valor","1"
"251","87","Informada em nível alto de granularidade","0.5"
"252","87","Ausente","0"
"253","88","Informada com a data, unidade gestora,  subalínea e valor","1"
"254","88","Informada em nível alto de granularidade","0.5"
"255","88","Ausente","0"
"256","89","Informada com a data, unidade gestora,  subalínea e valor","1"
"257","89","Informada em nível alto de granularidade","0.5"
"258","89","Ausente","0"
"259","90","Informada com a data, unidade gestora,  subalínea e valor","1"
"260","90","Informada em nível alto de granularidade","0.5"
"261","90","Ausente","0"
"262","91","Informada com a data, unidade gestora,  subalínea e valor","1"
"263","91","Informada em nível alto de granularidade","0.5"
"264","91","Ausente","0"
"265","92","Informada com a data, unidade gestora e valor","1"
"266","92","Informada em nível alto de granularidade","0.5"
"267","92","Ausente","0"
"268","93","Informada com a data, unidade gestora e subalínea","1"
"269","93","Informada em nível alto de granularidade","0.5"
"270","93","Ausente","0"
"271","94","Presente","1"
"272","94","Ausente","0"
"273","95","Informada com a data, subalínea e valor","1"
"274","95","Informada em nível alto de granularidade","0.5"
"275","95","Ausente","0"
"276","96","Informada com a data, unidade gestora,  subalínea e valor","1"
"277","96","Informada em nível alto de granularidade","0.5"
"278","96","Ausente","0"
"279","97","Informada com a data, unidade gestora,  subalínea e valor","1"
"280","97","Informada em nível alto de granularidade","0.5"
"281","97","Ausente","0"
"282","98","Informada com a data, unidade gestora,  subalínea e valor","1"
"283","98","Informada em nível alto de granularidade","0.5"
"284","98","Ausente","0"
"285","99","Informada com a data, unidade gestora,  subalínea e valor","1"
"286","99","Informada em nível alto de granularidade","0.5"
"287","99","Ausente","0"
"288","100","Informada com a data, unidade gestora,  subalínea e valor","1"
"289","100","Informada em nível alto de granularidade","0.5"
"290","100","Ausente","0"
"291","101","Informada com a data, unidade gestora e valor","1"
"292","101","Informada em nível alto de granularidade","0.5"
"293","101","Ausente","0"
"294","102","Informada com a data, unidade gestora e subalínea","1"
"295","102","Informada em nível alto de granularidade","0.5"
"296","102","Ausente","0"
"297","103","Exporta em mais de um formato, sendo pelo menos 1 aberto","1"
"298","103","Exporta em mais de um formato, com nenhum aberto","0.75"
"299","103","Exporta em apenas um formato, mas aberto","0.5"
"300","103","Exporta em apenas um formato, proprietário","0.25"
"301","103","Não exporta","0"
"302","104","Diária","1"
"303","104","Semanal","0.75"
"304","104","Quinzenal","0.5"
"305","104","Mensal","0.25"
"306","104","Dados com mais de um mês de atraso","0"
"307","105","5 anos ou mais","1"
"308","105","Entre 4 e 5 anos","0.75"
"309","105","Entre 3 e 4 anos","0.5"
"310","105","Menos de 2 anos","0"
"311","106","Acima de 2 pesquisas diferentes","1"
"312","106","2 pesquisas diferentes","0.75"
"313","106","1 pesquisa","0.5"
"314","106","Nenhuma pesquisa","0"
"315","107","Pesquisar despesaspor dia, mês e ano, inicial e final","1"
"316","107","Pesquisar apenas por mês e ano","0.5"
"317","107","Pesquisar apenas por ano","0.25"
"318","107","Sem possibilidade de delimitação","0"
"319","108","Presente","1"
"320","108","Ausente","0"
"321","109","Presente","1"
"322","109","Ausente","0"
"323","110","Presente","1"
"324","110","Ausente","0"
"325","111","Presente","1"
"326","111","Ausente","0"
"327","112","Presente","1"
"328","112","Ausente","0"
"329","113","Presente","1"
"330","113","Ausente","0"
"331","114","Presente","1"
"332","114","Ausente","0"
"333","115","Presente","1"
"334","115","Ausente","0"
"335","116","Presente","1"
"336","116","Parte oculta","0.5"
"337","116","Ausente","0"
"338","117","Presente","1"
"339","117","Ausente","0"
"340","118","Presente","1"
"341","118","Ausente","0"
"342","119","Presente","1"
"343","119","Ausente","0"
"344","120","Presente","1"
"345","120","Ausente","0"
"346","121","Presente","1"
"347","121","Ausente","0"
"348","122","Presente","1"
"349","122","Ausente","0"
"350","123","Presente","1"
"351","123","Ausente","0"
"352","124","Presente","1"
"353","124","Ausente","0"
"354","125","Presente","1"
"355","125","Ausente","0"
"356","126","Presente","1"
"357","126","Parte oculta","0.5"
"358","126","Ausente","0"
"359","127","Presente","1"
"361","127","Ausente","0"
"362","128","Informado isoladamente","1"
"363","128","Informado com a soma de outros valores","0.5"
"364","128","Ausente","0"
"365","129","Informado isoladamente","1"
"366","129","Informado sem especificar de que se trata","0.5"
"367","129","Ausente","0"
"368","130","Informado isoladamente","1"
"369","130","Informado sem especificar de que se trata","0.5"
"370","130","Ausente","0"
"371","131","Informado isoladamente","1"
"372","131","Informado junto com outros itens de remuneração","0.5"
"373","131","Ausente","0"
"374","132","Informado isoladamente","1"
"375","132","Informado junto com outros itens de remuneração","0.5"
"376","132","Ausente","0"
"377","133","Informado isoladamente","1"
"378","133","Informado junto com outros itens de remuneração","0.5"
"379","133","Ausente","0"
"380","134","Informado isoladamente","1"
"381","134","Informado junto com outros itens de remuneração","0.5"
"382","134","Ausente","0"
"383","135","Presente","1"
"384","135","Ausente","0"
"385","136","Presente","1"
"386","136","Ausente","0"
"387","137","Presente","1"
"388","137","Ausente","0"
"389","138","Informado isoladamente","1"
"390","138","Informado sem especificar de que se trata","0.5"
"391","138","Ausente","0"
"392","139","Presente","1"
"393","139","Ausente","0"
"394","140","Editais e Resultados","1"
"395","140","Apenas Editais ou Apenas Resultados","0.5"
"396","140","Ausente","0"
"397","141","Presente","1"
"398","141","Ausente","0"
"399","142","Exporta em mais de um formato, sendo pelo menos 1 aberto","1"
"400","142","Exporta em mais de um formato, com nenhum aberto","0.75"
"401","142","Exporta em apenas um formato, mas aberto","0.5"
"402","142","Exporta em apenas um formato, proprietário","0.25"
"403","142","Não exporta","0"
"404","143","Dados do mês atual ou anterior","1"
"405","143","Dados mais atuais entre 2 e 5 meses","0.5"
"406","143","Dados mais atuais entre 6 e 12 meses","0.25"
"407","143","Últimos dados com mais de 12 meses","0"
"408","144","2 anos ou mais","1"
"409","144","1 ano","0.5"
"410","144","6 meses ","0.25"
"411","144","5 meses ou menos","0"
"412","145","Acima de 2 pesquisas diferentes","1"
"413","145","2 pesquisas diferentes","0.75"
"414","145","1 pesquisa","0.5"
"415","145","Nenhuma pesquisa","0"
"416","146","Presente","1"
"417","146","Ausente","0"
"418","147","Informa detalhadamente o objeto","1"
"419","147","Informa resumidamente","0.5"
"420","147","Não informa","0"
"421","148","Presente","1"
"422","148","Ausente","0"
"423","149","Presente","1"
"424","149","Ausente","0"
"425","150","Informa data e hora","1"
"426","150","Informa só a data","0.5"
"427","150","Não informa","0"
"428","151","Disponibiliza o edital, sem qualquer cadastro","1"
"429","151","Disponibiliza, mediante cadastro feito pelo site","0.75"
"430","151","Disponibiliza, mediante cadastro que necessita de atuação do órgão","0.5"
"431","151","Não disponibiliza","0"
"432","152","Presente","1"
"433","152","Ausente","0"
"434","153","Informa detalhadamente o objeto","1"
"435","153","Informa resumidamente","0.5"
"436","153","Não informa","0"
"437","154","Presente","1"
"438","154","Ausente","0"
"439","155","Presente","1"
"440","155","Ausente","0"
"441","156","Informa data e hora","1"
"442","156","Informa só a data","0.5"
"443","156","Não informa","0"
"444","157","Disponibiliza o edital, sem qualquer cadastro","1"
"445","157","Disponibiliza, mediante cadastro feito pelo site","0.75"
"446","157","Disponibiliza, mediante cadastro que necessita de atuação do órgão","0.5"
"447","157","Não disponibiliza","0"
"448","158","Disponibiliza a ata, sem qualquer cadastro","1"
"449","158","Disponibiliza, mediante cadastro feito pelo site","0.75"
"450","158","Disponibiliza, mediante cadastro que necessita de atuação do órgão","0.5"
"451","158","Não disponibiliza","0"
"1319","159","Disponibiliza Apenas Valor da Proposta","0.75"
"456","161","Presente","1"
"457","161","Ausente","0"
"458","162","Presente","1"
"459","162","Ausente","0"
"460","163","Presente","1"
"461","163","Ausente","0"
"462","164","Presente","1"
"463","164","Ausente","0"
"464","165","Presente","1"
"465","165","Ausente","0"
"466","166","Presente","1"
"467","166","Ausente","0"
"468","167","Informa detalhadamente o bem/produto","1"
"469","167","Informa resumidamente","0.5"
"470","167","Não informa","0"
"471","168","Presente","1"
"472","168","Ausente","0"
"473","169","Presente","1"
"474","169","Ausente","0"
"475","170","Presente","1"
"476","170","Ausente","0"
"477","171","Presente","1"
"478","171","Ausente","0"
"479","172","Presente","1"
"480","172","Ausente","0"
"481","173","Presente","1"
"482","173","Ausente","0"
"483","174","Presente","1"
"484","174","Ausente","0"
"485","175","Presente","1"
"486","175","Ausente","0"
"487","176","Presente","1"
"488","176","Ausente","0"
"489","177","Presente","1"
"490","177","Ausente","0"
"491","178","Informa detalhadamente o objeto","1"
"492","178","Informa resumidamente","0.5"
"493","178","Não informa","0"
"494","179","Disponibiliza o contrato, sem qualquer cadastro","1"
"495","179","Disponibiliza, mediante cadastro feito pelo site","0.75"
"496","179","Disponibiliza, mediante cadastro que necessita de atuação do órgão","0.5"
"497","179","Não disponibiliza","0"
"498","180","Presente","1"
"499","180","Ausente","0"
"500","181","Exporta em mais de um formato, sendo pelo menos 1 aberto","1"
"501","181","Exporta em mais de um formato, com nenhum aberto","0.75"
"502","181","Exporta em apenas um formato, mas aberto","0.5"
"503","181","Exporta em apenas um formato, proprietário","0.25"
"504","181","Não exporta","0"
"505","182","Acima de 2 pesquisas diferentes","1"
"506","182","2 pesquisas diferentes","0.75"
"507","182","1 pesquisa","0.5"
"508","182","Nenhuma pesquisa","0"
"509","183","Dados de até 6 meses","1"
"1300","403","Não disponibiliza pelo menos um anexo","0.5"
"1299","189","Não disponibiliza pelo menos um anexo","0.5"
"512","183","Dados mais recentes entre 7 e 12 meses","0.5"
"513","183","Dados com mais de 12 meses","0"
"514","184","Corpo da Lei e Anexos","1"
"515","184","Apenas o corpo, sem anexos","0.5"
"516","184","Ausente","0"
"517","185","Corpo da Lei e Anexos","1"
"518","185","Apenas o corpo, sem anexos","0.5"
"519","185","Ausente","0"
"520","186","Corpo da Lei e Anexos","1"
"521","186","Apenas o corpo, sem anexos","0.5"
"522","186","Ausente","0"
"523","187","Presente","1"
"524","187","Ausente","0"
"525","188","Disponibiliza todos os 5 anexos","1"
"526","188","Ausente","0"
"527","189","Disponibiliza todos os 6 anexos","1"
"528","189","Ausente","0"
"529","190","Presente","1"
"530","190","Ausente","0"
"531","191","Presente","1"
"532","191","Ausente","0"
"533","192","Presente","1"
"534","192","Ausente","0"
"535","193","Presente","1"
"536","193","Ausente","0"
"537","194","Presente","1"
"538","194","Ausente","0"
"539","195","Presente","1"
"540","195","Ausente","0"
"541","196","Presente","1"
"542","196","Ausente","0"
"543","197","Presente","1"
"544","197","Ausente","0"
"545","198","Atualizado","1"
"546","198","Até 30 dias de Atraso","0.75"
"547","198","Até 60 dias de atraso","0.5"
"548","198","Mais de 60 dias de atraso","0"
"549","199","Atualizado","1"
"550","199","Até 2 meses de Atraso","0.75"
"551","199","Até 4 meses de atraso","0.5"
"552","199","Mais de 4 meses de atraso","0"
"553","200","5 anos ou mais","1"
"554","200","4 anos","0.75"
"555","200","3 anos","0.5"
"556","200","2 anos ou menos","0"
"557","201","PPA,LDO e LOA Pesquisáveis","1"
"558","201","Apenas duas pesquisáves","0.75"
"559","201","Apenas uma pesquisável","0.5"
"560","201","Nenhuma pesquisável","0"
"561","202","RGF e RREO Pesquisáveis","1"
"562","202","Apenas um pesquisável","0.5"
"563","202","Nenhum pesquispavel","0"
"564","203","Presente","1"
"565","203","Ausente","0"
"566","204","Presente","1"
"567","204","Ausente","0"
"568","205","Presente","1"
"569","205","Ausente","0"
"570","206","Presente","1"
"571","206","Ausente","0"
"572","207","Presente","1"
"573","207","Ausente","0"
"574","208","Informa detalhadamente o objeto","1"
"575","208","Informa resumidamente","0.5"
"576","208","Não informa","0"
"577","209","Presente","1"
"578","209","Ausente","0"
"579","210","Presente","1"
"580","210","Ausente","0"
"581","211","Disponibiliza o contrato, sem qualquer cadastro","1"
"582","211","Disponibiliza, mediante cadastro feito pelo site","0.75"
"583","211","Disponibiliza, mediante cadastro que necessita de atuação do órgão","0.5"
"584","211","Não disponibiliza","0"
"585","212","Presente","1"
"586","212","Ausente","0"
"587","213","Presente","1"
"588","213","Ausente","0"
"589","214","Presente","1"
"590","214","Ausente","0"
"591","215","Informa detalhadamente o objeto","1"
"592","215","Informa resumidamente","0.5"
"593","215","Não informa","0"
"594","216","Presente","1"
"595","216","Ausente","0"
"596","217","Presente","1"
"597","217","Ausente","0"
"598","218","Disponibiliza o contrato, sem qualquer cadastro","1"
"599","218","Disponibiliza, mediante cadastro feito pelo site","0.75"
"600","218","Disponibiliza, mediante cadastro que necessita de atuação do órgão","0.5"
"601","218","Não disponibiliza","0"
"602","219","Presente","1"
"603","219","Ausente","0"
"604","220","Presente","1"
"605","220","Ausente","0"
"606","221","Presente","1"
"607","221","Ausente","0"
"608","222","Presente","1"
"609","222","Ausente","0"
"610","223","Presente","1"
"611","223","Ausente","0"
"612","224","Presente","1"
"613","224","Ausente","0"
"614","225","Presente","1"
"615","225","Ausente","0"
"616","226","Presente","1"
"617","226","Ausente","0"
"618","227","Presente","1"
"619","227","Ausente","0"
"620","228","Presente","1"
"621","228","Ausente","0"
"622","229","Presente","1"
"623","229","Ausente","0"
"624","230","Presente","1"
"625","230","Ausente","0"
"626","231","Presente","1"
"627","231","Ausente","0"
"628","232","Presente","1"
"629","232","Ausente","0"
"630","233","Presente","1"
"631","233","Ausente","0"
"632","234","Presente","1"
"633","234","Ausente","0"
"634","235","Presente","1"
"635","235","Ausente","0"
"636","236","Presente","1"
"637","236","Ausente","0"
"638","237","Presente","1"
"641","237","Ausente","0"
"642","238","Presente","1"
"643","238","Ausente","0"
"644","239","Presente","1"
"645","239","Ausente","0"
"646","240","Presente","1"
"647","240","Ausente","0"
"648","241","Presente","1"
"649","241","Ausente","0"
"650","242","Presente","1"
"651","242","Ausente","0"
"652","243","Presente","1"
"653","243","Ausente","0"
"654","244","Permite o download de dos dados de despesas, receitas e servidores","1"
"655","244","Permite o download de algumas bases de dados. Só despesas, ou só receitas ou só servidores ","0.5"
"656","244","Não permite","0"
"657","245","Disponibiliza pelo menos os dos dados de despesas, receitas e servidores","1"
"658","245","Disponibiliza algumas bases de dados. Só despesas, ou só receitas ou só servidores ","0.5"
"659","245","Não disponibiliza dados legíveis por máquina","0"
"660","246","Uptime acima de 99%","1"
"661","246","Utpime entre 95% e 99%","0.5"
"662","246","Uptime abaixo de 95%","0"
"663","247","Variação de até 5%","1"
"664","247","Variação entre 5% e 10%","0.75"
"665","247","Variação entre 10% e 20%","0.5"
"666","247","Variação maior que 20%","0"
"667","248","Informado com a Data, Fornecedor e Valor","1"
"668","248","Informado em nível alto de granularidade","0.5"
"669","248","Ausente","0"
"670","249","Informado com a Data, Fornecedor e Valor","1"
"671","249","Informado em nível alto de granularidade","0.5"
"672","249","Ausente","0"
"673","250","Informado com a Data e Valor","1"
"674","250","Informado em nível alto de granularidade","0.5"
"675","250","Ausente","0"
"676","251","Informado com a Data e Valor","1"
"677","251","Informado com Data e Valor, mas com parte Oculta","0.75"
"678","251","Informado em nível alto de granularidade","0.5"
"679","251","Informado em nível alto de granularidade, mas com parte Oculta","0.25"
"680","251","Ausente","0"
"681","252","Informado com a Data, Fornecedor e Valor","1"
"682","252","Informado em nível alto de granularidade","0.5"
"683","252","Ausente","0"
"684","253","Informado com a Data, Fornecedor e Valor","1"
"685","253","Informado em nível alto de granularidade","0.5"
"686","253","Ausente","0"
"687","254","Informado com a Data, Fornecedor e Valor","1"
"688","254","Informado em nível alto de granularidade","0.5"
"689","254","Ausente","0"
"690","255","Informado com a Data, Fornecedor e Valor","1"
"691","255","Informado em nível alto de granularidade","0.5"
"692","255","Ausente","0"
"693","256","Informado com a Data, Fornecedor e Valor","1"
"694","256","Informado em nível alto de granularidade","0.5"
"695","256","Ausente","0"
"696","257","Informado com a Data, Fornecedor e Valor","1"
"697","257","Informado em nível alto de granularidade","0.5"
"698","257","Ausente","0"
"699","258","Informado com a Data, Fornecedor e Valor","1"
"700","258","Informado em nível alto de granularidade","0.5"
"701","258","Ausente","0"
"702","259","Informado com a Data, Fornecedor e Valor","1"
"703","259","Informado em nível alto de granularidade","0.5"
"704","259","Ausente","0"
"705","260","Informado com a Data, Fornecedor e Valor","1"
"706","260","Informado em nível alto de granularidade","0.5"
"707","260","Ausente","0"
"708","261","Informado com a Data, Fornecedor e Valor","1"
"709","261","Informado em nível alto de granularidade","0.5"
"710","261","Ausente","0"
"711","262","Informado com a Data, Fornecedor e Valor","1"
"712","262","Informado em nível alto de granularidade","0.5"
"713","262","Ausente","0"
"714","263","Presente","1"
"715","263","Ausente","0"
"716","264","Presente","1"
"717","264","Ausente","0"
"718","265","Informado com a Data e Fornecedor","1"
"719","265","Informado em nível alto de granularidade","0.5"
"720","265","Ausente","0"
"721","266","Informado com a Data, Fornecedor e Valor","1"
"722","266","Informado em nível alto de granularidade","0.5"
"723","266","Ausente","0"
"724","267","Informado com a Data, Fornecedor e Valor","1"
"725","267","Informado em nível alto de granularidade","0.5"
"726","267","Ausente","0"
"727","268","Informado com a Data e Valor","1"
"728","268","Informado em nível alto de granularidade","0.5"
"729","268","Ausente","0"
"730","269","Informado com a Data e Valor","1"
"731","269","Informado com Data e Valor, mas com parte Oculta","0.75"
"732","269","Informado em nível alto de granularidade","0.5"
"733","269","Informado em nível alto de granularidade, mas com parte Oculta","0.25"
"734","269","Ausente","0"
"735","270","Informado com a Data, Fornecedor e Valor","1"
"736","270","Informado em nível alto de granularidade","0.5"
"737","270","Ausente","0"
"738","271","Informado com a Data, Fornecedor e Valor","1"
"739","271","Informado em nível alto de granularidade","0.5"
"740","271","Ausente","0"
"741","272","Informado com a Data, Fornecedor e Valor","1"
"742","272","Informado em nível alto de granularidade","0.5"
"743","272","Ausente","0"
"744","273","Informado com a Data, Fornecedor e Valor","1"
"745","273","Informado em nível alto de granularidade","0.5"
"746","273","Ausente","0"
"747","274","Informado com a Data, Fornecedor e Valor","1"
"748","274","Informado em nível alto de granularidade","0.5"
"749","274","Ausente","0"
"750","275","Informado com a Data, Fornecedor e Valor","1"
"751","275","Informado em nível alto de granularidade","0.5"
"752","275","Ausente","0"
"753","276","Informado com a Data, Fornecedor e Valor","1"
"754","276","Informado em nível alto de granularidade","0.5"
"755","276","Ausente","0"
"756","277","Informado com a Data, Fornecedor e Valor","1"
"757","277","Informado em nível alto de granularidade","0.5"
"758","277","Ausente","0"
"759","278","Informado com a Data, Fornecedor e Valor","1"
"760","278","Informado em nível alto de granularidade","0.5"
"761","278","Ausente","0"
"762","279","Informado com a Data, Fornecedor e Valor","1"
"763","279","Informado em nível alto de granularidade","0.5"
"764","279","Ausente","0"
"765","280","Informado com a Data, Fornecedor e Valor","1"
"766","280","Informado em nível alto de granularidade","0.5"
"767","280","Ausente","0"
"768","281","Presente","1"
"769","281","Ausente","0"
"770","282","Presente","1"
"771","282","Ausente","0"
"772","283","Presente","1"
"773","283","Ausente","0"
"774","284","Informado com a Data e Fornecedor","1"
"775","284","Informado em nível alto de granularidade","0.5"
"776","284","Ausente","0"
"777","285","Informado com a Data, Fornecedor e Valor","1"
"778","285","Informado em nível alto de granularidade","0.5"
"779","285","Ausente","0"
"780","286","Informado com a Data, Fornecedor e Valor","1"
"781","286","Informado em nível alto de granularidade","0.5"
"782","286","Ausente","0"
"783","287","Informado com a Data e Valor","1"
"784","287","Informado em nível alto de granularidade","0.5"
"785","287","Ausente","0"
"786","288","Informado com a Data e Valor","1"
"787","288","Informado com Data e Valor, mas com parte Oculta","0.75"
"788","288","Informado em nível alto de granularidade","0.5"
"789","288","Informado em nível alto de granularidade, mas com parte Oculta","0.25"
"790","288","Ausente","0"
"791","289","Informado com a Data, Fornecedor e Valor","1"
"792","289","Informado em nível alto de granularidade","0.5"
"793","289","Ausente","0"
"794","290","Informado com a Data, Fornecedor e Valor","1"
"795","290","Informado em nível alto de granularidade","0.5"
"796","290","Ausente","0"
"797","291","Informado com a Data, Fornecedor e Valor","1"
"798","291","Informado em nível alto de granularidade","0.5"
"799","291","Ausente","0"
"800","292","Informado com a Data, Fornecedor e Valor","1"
"801","292","Informado em nível alto de granularidade","0.5"
"802","292","Ausente","0"
"803","293","Informado com a Data, Fornecedor e Valor","1"
"804","293","Informado em nível alto de granularidade","0.5"
"805","293","Ausente","0"
"806","294","Informado com a Data, Fornecedor e Valor","1"
"807","294","Informado em nível alto de granularidade","0.5"
"808","294","Ausente","0"
"809","295","Informado com a Data, Fornecedor e Valor","1"
"810","295","Informado em nível alto de granularidade","0.5"
"811","295","Ausente","0"
"812","296","Informado com a Data, Fornecedor e Valor","1"
"813","296","Informado em nível alto de granularidade","0.5"
"814","296","Ausente","0"
"815","297","Informado com a Data, Fornecedor e Valor","1"
"816","297","Informado em nível alto de granularidade","0.5"
"817","297","Ausente","0"
"818","298","Informado com a Data, Fornecedor e Valor","1"
"819","298","Informado em nível alto de granularidade","0.5"
"820","298","Ausente","0"
"821","299","Informado com a Data, Fornecedor e Valor","1"
"822","299","Informado em nível alto de granularidade","0.5"
"823","299","Ausente","0"
"824","300","Presente","1"
"825","300","Ausente","0"
"826","301","Presente","1"
"827","301","Ausente","0"
"828","302","Presente","1"
"829","302","Ausente","0"
"830","303","Presente","1"
"831","303","Ausente","0"
"832","304","Informado com a Data e Fornecedor","1"
"833","304","Informado em nível alto de granularidade","0.5"
"834","304","Ausente","0"
"835","305","Exporta em mais de um formato, sendo pelo menos 1 aberto","1"
"836","305","Exporta em mais de um formato, com nenhum aberto","0.75"
"837","305","Exporta em apenas um formato, mas aberto","0.5"
"838","305","Exporta em apenas um formato, proprietário","0.25"
"839","305","Não exporta","0"
"840","306","Diária","1"
"841","306","Semanal","0.75"
"842","306","Quinzenal","0.5"
"843","306","Mensal","0.25"
"844","306","Dados com mais de um mês de atraso","0"
"845","307","5 anos ou mais","1"
"846","307","Entre 4 e 5 anos","0.75"
"847","307","Entre 3 e 4 anos","0.5"
"848","307","Menos de 2 anos","0"
"849","308","Acima de 3 pesquisas diferentes","1"
"850","308","2 ou 3 pesquisas diferentes","0.75"
"851","308","Apenas 1 pesquisa","0.5"
"852","308","Nenhuma pesquisa","0"
"853","309","Pesquisar despesaspor dia, mês e ano, inicial e final","1"
"854","309","Pesquisar apenas por mês e ano","0.5"
"855","309","Pesquisar apenas por ano","0.25"
"856","309","Sem possibilidade de delimitação","0"
"857","310","Presente","1"
"858","310","Ausente","0"
"859","311","Informada com a data,  subalínea e valor","1"
"860","311","Informada em nível alto de granularidade","0.5"
"861","311","Ausente","0"
"862","312","Informada com a data,  subalínea e valor","1"
"863","312","Informada em nível alto de granularidade","0.5"
"864","312","Ausente","0"
"865","313","Informada com a data, subalínea e valor","1"
"866","313","Informada em nível alto de granularidade","0.5"
"867","313","Ausente","0"
"868","314","Informada com a data,  subalínea e valor","1"
"869","314","Informada em nível alto de granularidade","0.5"
"870","314","Ausente","0"
"871","315","Informada com a data, subalínea e valor","1"
"872","315","Informada em nível alto de granularidade","0.5"
"873","315","Ausente","0"
"874","316","Informada com a data e valor","1"
"875","316","Informada em nível alto de granularidade","0.5"
"876","316","Ausente","0"
"877","317","Informada com a data e subalínea","1"
"878","317","Informada em nível alto de granularidade","0.5"
"879","317","Ausente","0"
"880","318","Presente","1"
"881","318","Ausente","0"
"882","319","Informada com a data,  subalínea e valor","1"
"883","319","Informada em nível alto de granularidade","0.5"
"884","319","Ausente","0"
"885","320","Informada com a data,  subalínea e valor","1"
"886","320","Informada em nível alto de granularidade","0.5"
"887","320","Ausente","0"
"888","321","Informada com a data,  subalínea e valor","1"
"889","321","Informada em nível alto de granularidade","0.5"
"890","321","Ausente","0"
"891","322","Informada com a data,  subalínea e valor","1"
"892","322","Informada em nível alto de granularidade","0.5"
"893","322","Ausente","0"
"894","323","Informada com a data, subalínea e valor","1"
"895","323","Informada em nível alto de granularidade","0.5"
"896","323","Ausente","0"
"897","324","Informada com a data e valor","1"
"898","324","Informada em nível alto de granularidade","0.5"
"899","324","Ausente","0"
"900","325","Informada com a data e subalínea","1"
"901","325","Informada em nível alto de granularidade","0.5"
"902","325","Ausente","0"
"903","326","Exporta em mais de um formato, sendo pelo menos 1 aberto","1"
"904","326","Exporta em mais de um formato, com nenhum aberto","0.75"
"905","326","Exporta em apenas um formato, mas aberto","0.5"
"906","326","Exporta em apenas um formato, proprietário","0.25"
"907","326","Não exporta","0"
"908","327","Diária","1"
"909","327","Semanal","0.75"
"910","327","Quinzenal","0.5"
"911","327","Mensal","0.25"
"912","327","Dados com mais de um mês de atraso","0"
"913","328","5 anos ou mais","1"
"914","328","Entre 4 e 5 anos","0.75"
"915","328","Entre 3 e 4 anos","0.5"
"916","328","Menos de 2 anos","0"
"917","329","Acima de 2 pesquisas diferentes","1"
"918","329","2 pesquisas diferentes","0.75"
"919","329","1 pesquisa","0.5"
"920","329","Nenhuma pesquisa","0"
"921","330","Pesquisar despesaspor dia, mês e ano, inicial e final","1"
"922","330","Pesquisar apenas por mês e ano","0.5"
"923","330","Pesquisar apenas por ano","0.25"
"924","330","Sem possibilidade de delimitação","0"
"925","331","Presente","1"
"926","331","Ausente","0"
"927","332","Presente","1"
"928","332","Ausente","0"
"929","333","Presente","1"
"930","333","Ausente","0"
"931","334","Presente","1"
"932","334","Ausente","0"
"933","335","Presente","1"
"934","335","Ausente","0"
"935","336","Presente","1"
"936","336","Ausente","0"
"937","337","Presente","1"
"938","337","Ausente","0"
"939","338","Presente","1"
"940","338","Ausente","0"
"941","339","Presente","1"
"942","339","Parte oculta","0.5"
"943","339","Ausente","0"
"944","340","Presente","1"
"945","340","Ausente","0"
"946","341","Presente","1"
"947","341","Ausente","0"
"948","342","Presente","1"
"949","342","Ausente","0"
"950","343","Presente","1"
"951","343","Ausente","0"
"952","344","Presente","1"
"953","344","Ausente","0"
"954","345","Presente","1"
"955","345","Ausente","0"
"956","346","Presente","1"
"957","346","Ausente","0"
"958","347","Presente","1"
"959","347","Ausente","0"
"960","348","Presente","1"
"961","348","Ausente","0"
"962","349","Presente","1"
"963","349","Parte oculta","0.5"
"964","349","Ausente","0"
"965","350","Presente","1"
"967","350","Ausente","0"
"968","351","Informado isoladamente","1"
"969","351","Informado com a soma de outros valores","0.5"
"970","351","Ausente","0"
"971","352","Informado isoladamente","1"
"972","352","Informado sem especificar de que se trata","0.5"
"973","352","Ausente","0"
"974","353","Informado isoladamente","1"
"975","353","Informado sem especificar de que se trata","0.5"
"976","353","Ausente","0"
"977","354","Informado isoladamente","1"
"978","354","Informado junto com outros valores, sem especificar de que se trata","0.5"
"979","354","Ausente","0"
"980","355","Informado isoladamente","1"
"981","355","Informado junto com outros valores, sem especificar de que se trata","0.5"
"982","355","Ausente","0"
"983","356","Informado isoladamente","1"
"984","356","Informado junto com outros valores, sem especificar de que se trata","0.5"
"985","356","Ausente","0"
"986","357","Informado isoladamente","1"
"987","357","Informado junto com outros valores, sem especificar de que se trata","0.5"
"988","357","Ausente","0"
"989","358","Presente","1"
"990","358","Ausente","0"
"991","359","Presente","1"
"992","359","Ausente","0"
"993","360","Presente","1"
"994","360","Ausente","0"
"995","361","Informado isoladamente","1"
"996","361","Informado sem especificar de que se trata","0.5"
"997","361","Ausente","0"
"998","362","Presente","1"
"999","362","Ausente","0"
"1000","363","Editais e Resultados","1"
"1001","363","Apenas Editais ou Apenas Resultados","0.5"
"1002","363","Ausente","0"
"1003","364","Presente","1"
"1004","364","Ausente","0"
"1005","365","Exporta em mais de um formato, sendo pelo menos 1 aberto","1"
"1006","365","Exporta em mais de um formato, com nenhum aberto","0.75"
"1007","365","Exporta em apenas um formato, mas aberto","0.5"
"1008","365","Exporta em apenas um formato, proprietário","0.25"
"1009","365","Não exporta","0"
"1010","366","Dados do mês atual ou anterior","1"
"1011","366","Dados mais atuais entre 2 e 5 meses","0.5"
"1012","366","Dados mais atuais entre 6 e 12 meses","0.25"
"1013","366","Últimos dados com mais de 12 meses","0"
"1014","367","2 anos ou mais","1"
"1015","367","1 ano","0.5"
"1016","367","6 meses ","0.25"
"1017","367","5 meses ou menos","0"
"1018","368","Acima de 2 pesquisas diferentes","1"
"1019","368","2 pesquisas diferentes","0.75"
"1020","368","1 pesquisa","0.5"
"1021","368","Nenhuma pesquisa","0"
"1022","369","Informa detalhadamente o objeto","1"
"1023","369","Informa resumidamente","0.5"
"1024","369","Não informa","0"
"1025","370","Presente","1"
"1026","370","Ausente","0"
"1027","371","Presente","1"
"1028","371","Ausente","0"
"1029","372","Informa data e hora","1"
"1030","372","Informa só a data","0.5"
"1031","372","Não informa","0"
"1032","373","Disponibiliza o edital, sem qualquer cadastro","1"
"1033","373","Disponibiliza, mediante cadastro feito pelo site","0.75"
"1034","373","Disponibiliza, mediante cadastro que necessita de atuação do órgão","0.5"
"1035","373","Não disponibiliza","0"
"1036","374","Informa detalhadamente o objeto","1"
"1037","374","Informa resumidamente","0.5"
"1038","374","Não informa","0"
"1039","375","Presente","1"
"1040","375","Ausente","0"
"1041","376","Presente","1"
"1042","376","Ausente","0"
"1043","377","Informa data e hora","1"
"1044","377","Informa só a data","0.5"
"1045","377","Não informa","0"
"1046","378","Disponibiliza o edital, sem qualquer cadastro","1"
"1047","378","Disponibiliza, mediante cadastro feito pelo site","0.75"
"1048","378","Disponibiliza, mediante cadastro que necessita de atuação do órgão","0.5"
"1049","378","Não disponibiliza","0"
"1050","379","Disponibiliza a ata, sem qualquer cadastro","1"
"1051","379","Disponibiliza, mediante cadastro feito pelo site","0.75"
"1052","379","Disponibiliza, mediante cadastro que necessita de atuação do órgão","0.5"
"1053","379","Não disponibiliza","0"
"1318","159","Disponibiliza (CNPJ ou Nome) e Valor da Proposta","1"
"1058","382","Presente","1"
"1059","382","Ausente","0"
"1060","383","Presente","1"
"1061","383","Ausente","0"
"1062","384","Presente","1"
"1063","384","Ausente","0"
"1064","385","Presente","1"
"1065","385","Ausente","0"
"1066","386","Presente","1"
"1067","386","Ausente","0"
"1068","387","Informa detalhadamente o bem/produto","1"
"1069","387","Informa resumidamente","0.5"
"1070","387","Não informa","0"
"1071","388","Presente","1"
"1072","388","Ausente","0"
"1073","389","Presente","1"
"1074","389","Ausente","0"
"1075","390","Presente","1"
"1076","390","Ausente","0"
"1077","391","Presente","1"
"1078","391","Ausente","0"
"1079","392","Presente","1"
"1080","392","Ausente","0"
"1081","393","Presente","1"
"1082","393","Ausente","0"
"1083","394","Presente","1"
"1084","394","Ausente","0"
"1085","395","Presente","1"
"1086","395","Ausente","0"
"1087","396","Presente","1"
"1088","396","Ausente","0"
"1089","397","Informa detalhadamente o objeto","1"
"1090","397","Informa resumidamente","0.5"
"1091","397","Não informa","0"
"1092","398","Disponibiliza o contrato, sem qualquer cadastro","1"
"1093","398","Disponibiliza, mediante cadastro feito pelo site","0.75"
"1094","398","Disponibiliza, mediante cadastro que necessita de atuação do órgão","0.5"
"1095","398","Não disponibiliza","0"
"1096","399","Presente","1"
"1097","399","Ausente","0"
"1098","400","Exporta em mais de um formato, sendo pelo menos 1 aberto","1"
"1099","400","Exporta em mais de um formato, com nenhum aberto","0.75"
"1100","400","Exporta em apenas um formato, mas aberto","0.5"
"1101","400","Exporta em apenas um formato, proprietário","0.25"
"1102","400","Não exporta","0"
"1103","401","Acima de 2 pesquisas diferentes","1"
"1104","401","2 pesquisas diferentes","0.75"
"1105","401","1 pesquisa","0.5"
"1106","401","Nenhuma pesquisa","0"
"1107","402","Dados de até 6 meses","1"
"1110","402","Dados mais recentes entre 7 e 12 meses","0.5"
"1111","402","Dados com mais de 12 meses","0"
"1112","403","Disponibiliza todos os 3 anexos ","1"
"1113","403","Ausente","0"
"1114","404","Presente","1"
"1115","404","Ausente","0"
"1116","405","Presente","1"
"1117","405","Ausente","0"
"1118","406","Presente","1"
"1119","406","Ausente","0"
"1120","407","Presente","1"
"1121","407","Ausente","0"
"1122","408","Atualizado","1"
"1123","408","Até 2 meses de Atraso","0.75"
"1124","408","Até 4 meses de atraso","0.5"
"1125","408","Mais de 4 meses de atraso","0"
"1126","409","5 anos ou mais","1"
"1127","409","4 anos","0.75"
"1128","409","3 anos","0.5"
"1129","409","2 anos ou menos","0"
"1130","410","RGF Pesquisável","1"
"1132","410","RGF não pesquispavel","0"
"1133","411","Presente","1"
"1134","411","Ausente","0"
"1135","412","Presente","1"
"1136","412","Ausente","0"
"1137","413","Presente","1"
"1138","413","Ausente","0"
"1139","414","Presente","1"
"1140","414","Ausente","0"
"1141","415","Presente","1"
"1142","415","Ausente","0"
"1143","416","Presente","1"
"1144","416","Ausente","0"
"1145","417","Presente","1"
"1146","417","Ausente","0"
"1147","418","Presente","1"
"1148","418","Ausente","0"
"1149","419","Presente","1"
"1150","419","Ausente","0"
"1151","420","Presente","1"
"1152","420","Ausente","0"
"1153","421","Presente","1"
"1154","421","Ausente","0"
"1155","422","Presente","1"
"1156","422","Ausente","0"
"1157","423","Presente","1"
"1158","423","Ausente","0"
"1159","424","Presente","1"
"1160","424","Ausente","0"
"1161","425","Presente","1"
"1162","425","Ausente","0"
"1163","426","Presente","1"
"1164","426","Ausente","0"
"1165","427","Presente","1"
"1166","427","Ausente","0"
"1167","428","Presente","1"
"1168","428","Ausente","0"
"1169","429","Presente","1"
"1170","429","Ausente","0"
"1171","430","Presente","1"
"1172","430","Ausente","0"
"1173","431","Presente","1"
"1174","431","Ausente","0"
"1175","432","Presente","1"
"1176","432","Ausente","0"
"1177","433","Presente","1"
"1178","433","Ausente","0"
"1179","434","Presente","1"
"1180","434","Ausente","0"
"1181","435","Texto da Lei Pesquisável","1"
"1182","435","Texto da Lei em Imagem","0.5"
"1183","435","Não disponibiliza","0"
"1184","436","Presente","1"
"1185","436","Ausente","0"
"1186","437","Presente","1"
"1187","437","Ausente","0"
"1188","438","Presente","1"
"1189","438","Ausente","0"
"1190","439","Presente","1"
"1191","439","Ausente","0"
"1192","440","Presente","1"
"1193","440","Ausente","0"
"1194","441","Presente","1"
"1195","441","Ausente","0"
"1196","442","Presente","1"
"1197","442","Ausente","0"
"1198","443","Texto da Lei Pesquisável","1"
"1199","443","Texto da Lei em Imagem","0.5"
"1200","443","Não disponibiliza","0"
"1201","444","Acima de 2 pesquisas diferentes","1"
"1202","444","2 pesquisas diferentes","0.75"
"1203","444","1 pesquisa","0.5"
"1204","444","Nenhuma pesquisa","0"
"1205","445","Acima de 2 pesquisas diferentes","1"
"1206","445","2 pesquisas diferentes","0.75"
"1207","445","1 pesquisa","0.5"
"1208","445","Nenhuma pesquisa","0"
"1209","446","Dados do mês corrente","1"
"1210","446","Dados do mês anterior","0.75"
"1211","446","Dados mais recentes entre 2 e 6 meses","0.5"
"1212","446","Dados mais recentes entre 7 e 12 meses","0.25"
"1213","446","Dados com mais de 12 meses","0"
"1214","447","5 anos ou mais","1"
"1215","447","4 anos","0.75"
"1216","447","3 anos","0.5"
"1217","447","2 anos ou menos","0.25"
"1218","447","Não apresenta","0"
"1219","448","Presente","1"
"1220","448","Ausente","0"
"1221","449","Presente","1"
"1222","449","Ausente","0"
"1223","450","Presente","1"
"1224","450","Ausente","0"
"1225","451","Presente","1"
"1226","451","Ausente","0"
"1227","452","Presente","1"
"1228","452","Ausente","0"
"1229","453","Presente","1"
"1230","453","Ausente","0"
"1231","454","Presente","1"
"1232","454","Ausente","0"
"1233","455","Ausente","0"
"1234","455","Informado com a Data, Fornecedor e Valor","1"
"1235","455","Informado em nível alto de granularidade","0.5"
"1236","456","Ausente","0"
"1237","456","Informado com a Data e Valor","1"
"1238","456","Informado em nível alto de granularidade","0.5"
"1239","457","Ausente","0"
"1240","457","Informado com a Data e Valor","1"
"1241","457","Informado em nível alto de granularidade","0.5"
"1242","458","Ausente","0"
"1243","458","Informado com a Data e Fornecedor","1"
"1244","458","Informado em nível alto de granularidade","0.5"
"1245","459","Ausente","0"
"1246","459","Presente","1"
"1247","460","Dados do mês corrente","1"
"1248","460","Dados do mês anterior","0.75"
"1249","460","Dados mais recentes entre 2 e 6 meses","0.5"
"1250","460","Dados mais recentes entre 7 e 12 meses","0.25"
"1251","460","Dados com mais de 12 meses","0"
"1252","461","Presente","1"
"1253","461","Ausente","0"
"1254","462","Presente","1"
"1255","462","Ausente","0"
"1256","463","Presente","1"
"1257","463","Ausente","0"
"1258","464","Presente","1"
"1259","464","Ausente","0"
"1260","465","Presente","1"
"1261","465","Ausente","0"
"1262","466","Presente","1"
"1263","466","Ausente","0"
"1264","467","Presente","1"
"1265","467","Ausente","0"
"1266","468","Presente","1"
"1267","468","Ausente","0"
"1268","469","Presente","1"
"1269","469","Ausente","0"
"1270","470","Presente","1"
"1271","470","Ausente","0"
"1272","471","Presente","1"
"1273","471","Ausente","0"
"1274","472","Presente","1"
"1275","472","Ausente","0"
"1276","473","Presente","1"
"1277","473","Ausente","0"
"1278","474","Presente","1"
"1279","474","Ausente","0"
"1280","475","Presente","1"
"1281","475","Ausente","0"
"1282","476","Presente","1"
"1283","476","Ausente","0"
"1284","477","Dados do mês corrente","1"
"1285","477","Dados do mês anterior","0.75"
"1286","477","Dados mais recentes entre 2 e 6 meses","0.5"
"1287","477","Dados mais recentes entre 7 e 12 meses","0.25"
"1288","477","Dados com mais de 12 meses","0"
"1289","478","Dados do mês corrente","1"
"1290","478","Dados do mês anterior","0.75"
"1291","478","Dados mais recentes entre 2 e 6 meses","0.5"
"1292","478","Dados mais recentes entre 7 e 12 meses","0.25"
"1293","478","Dados com mais de 12 meses","0"
"1294","479","Dados do mês corrente","1"
"1295","479","Dados do mês anterior","0.75"
"1296","479","Dados mais recentes entre 2 e 6 meses","0.5"
"1297","479","Dados mais recentes entre 7 e 12 meses","0.25"
"1298","479","Dados com mais de 12 meses","0"
"1301","82","Entre 2 e 3 anos","0.25"
"1302","307","Entre 2 e 3 anos","0.25"
"1303","105","Entre 2 e 3 anos","0.25"
"1304","328","Entre 2 e 3 anos","0.25"
"1305","188","Não disponibiliza pelo menos um anexo","0.5"
"1306","128","Informado junto com outros itens de remuneração","0.25"
"1307","129","Informado junto com outros itens de remuneração","0.25"
"1308","130","Informado junto com outros itens de remuneração","0.25"
"1309","351","Informado junto com outros itens de remuneração","0.25"
"1310","352","Informado junto com outros itens de remuneração","0.25"
"1311","353","Informado junto com outros itens de remuneração","0.25"
"1312","135","Informado junto com outros itens de desconto","0.5"
"1313","136","Informado junto com outros itens de desconto","0.5"
"1314","137","Informado junto com outros itens de desconto","0.5"
"1315","358","Informado junto com outros itens de desconto","0.5"
"1316","359","Informado junto com outros itens de desconto","0.5"
"1317","360","Informado junto com outros itens de desconto","0.5"
"1320","159","Disponibiliza Apenas CNPJ ou Apenas Nome","0.5"
"1321","159","Ausente","0"
"1322","160","Disponibiliza (CNPJ ou Nome) e Valor da Proposta","1"
"1323","160","Disponibiliza Apenas Valor da Proposta","0.75"
"1324","160","Disponibiliza Apenas CNPJ ou Apenas Nome","0.5"
"1325","160","Ausente","0"
"1326","380","Disponibiliza (CNPJ ou Nome) e Valor da Proposta","1"
"1327","380","Disponibiliza Apenas Valor da Proposta","0.75"
"1328","380","Disponibiliza Apenas CNPJ ou Apenas Nome","0.5"
"1329","380","Ausente","0"
"1330","381","Disponibiliza (CNPJ ou Nome) e Valor da Proposta","1"
"1331","381","Disponibiliza Apenas Valor da Proposta","0.75"
"1332","381","Disponibiliza Apenas CNPJ ou Apenas Nome","0.5"
"1333","381","Ausente","0"
"1334","480","Presente","1"
"1335","480","Ausente","0"
"1336","481","Presente","1"
"1337","481","Ausente","0"
"1338","482","Presente","1"
"1339","482","Ausente","0"
"1340","483","Presente","1"
"1341","483","Ausente","0"
"1342","484","Presente","1"
"1343","484","Ausente","0"
"1344","485","Presente","1"
"1345","485","Ausente","0"
"1346","486","Presente","1"
"1347","486","Ausente","0"
"1348","487","Presente","1"
"1349","487","Ausente","0"
"1350","488","Presente","1"
"1351","488","Ausente","0"
"1352","489","Presente","1"
"1353","489","Ausente","0"
"1354","490","Presente","1"
"1355","490","Ausente","0"
"1356","491","Presente","1"
"1357","491","Ausente","0"
"1358","492","Presente","1"
"1359","492","Ausente","0"
"1360","493","Presente","1"
"1361","493","Ausente","0"
"1362","494","Presente","1"
"1363","494","Ausente","0"
"1364","495","Informado com a Data, Fornecedor e Valor","1"
"1365","495","Informado em nível alto de granularidade","0.5"
"1366","495","Ausente","0"
"1367","496","Informado com a Data, Fornecedor, Órgão e Valor","1"
"1368","496","Informado em nível alto de granularidade","0.5"
"1369","496","Ausente","0"
"1370","497","Informado com a Data, Fornecedor, Órgão e Valor","1"
"1371","497","Informado em nível alto de granularidade","0.5"
"1372","497","Ausente","0"
"1373","498","Informado com a Data, Órgão e Valor","1"
"1374","498","Informado em nível alto de granularidade","0.5"
"1375","498","Ausente","0"
"1376","499","Informado com a Data, Órgão e Valor","1"
"1377","499","Informado com Data, Órgão e Valor, mas com parte Oculta","0.75"
"1378","499","Informado em nível alto de granularidade","0.5"
"1379","499","Informado em nível alto de granularidade, mas com parte Oculta","0.25"
"1380","499","Ausente","0"
"1381","500","Informado com a Data, Fornecedor, Órgão e Valor","1"
"1382","500","Informado em nível alto de granularidade","0.5"
"1383","500","Ausente","0"
"1384","501","Informado com a Data, Fornecedor, Órgão e Valor","1"
"1385","501","Informado em nível alto de granularidade","0.5"
"1386","501","Ausente","0"
"1387","502","Informado com a Data, Fornecedor, Órgão e Valor","1"
"1388","502","Informado em nível alto de granularidade","0.5"
"1389","502","Ausente","0"
"1390","503","Informado com a Data, Fornecedor, Órgão e Valor","1"
"1391","503","Informado em nível alto de granularidade","0.5"
"1392","503","Ausente","0"
"1393","504","Informado com a Data, Fornecedor, Órgão e Valor","1"
"1394","504","Informado em nível alto de granularidade","0.5"
"1395","504","Ausente","0"
"1396","505","Informado com a Data, Fornecedor, Órgão e Valor","1"
"1397","505","Informado em nível alto de granularidade","0.5"
"1398","505","Ausente","0"
"1399","506","Informado com a Data, Fornecedor, Órgão e Valor","1"
"1400","506","Informado em nível alto de granularidade","0.5"
"1401","506","Ausente","0"
"1402","507","Informado com a Data, Fornecedor, Órgão e Valor","1"
"1403","507","Informado em nível alto de granularidade","0.5"
"1404","507","Ausente","0"
"1405","508","Informado com a Data, Fornecedor, Órgão e Valor","1"
"1406","508","Informado em nível alto de granularidade","0.5"
"1407","508","Ausente","0"
"1408","509","Informado com a Data, Fornecedor, Órgão e Valor","1"
"1409","509","Informado em nível alto de granularidade","0.5"
"1410","509","Ausente","0"
"1411","510","Informado com a Data, Fornecedor, Órgão e Valor","1"
"1412","510","Informado em nível alto de granularidade","0.5"
"1413","510","Ausente","0"
"1414","511","Presente","1"
"1415","511","Ausente","0"
"1416","512","Presente","1"
"1417","512","Ausente","0"
"1418","513","Informado com a Data, Fornecedor e Órgão","1"
"1419","513","Informado em nível alto de granularidade","0.5"
"1420","513","Ausente","0"
"1421","514","Informado com a Data, Fornecedor e Valor","1"
"1422","514","Informado em nível alto de granularidade","0.5"
"1423","514","Ausente","0"
"1424","515","Informado com a Data, Fornecedor, Órgão e Valor","1"
"1425","515","Informado em nível alto de granularidade","0.5"
"1426","515","Ausente","0"
"1427","516","Informado com a Data, Fornecedor, Órgão e Valor","1"
"1428","516","Informado em nível alto de granularidade","0.5"
"1429","516","Ausente","0"
"1430","517","Informado com a Data, Órgão e Valor","1"
"1431","517","Informado em nível alto de granularidade","0.5"
"1432","517","Ausente","0"
"1433","518","Informado com a Data, Órgão e Valor","1"
"1434","518","Informado com Data, Órgão e Valor, mas com parte Oculta","0.75"
"1435","518","Informado em nível alto de granularidade","0.5"
"1436","518","Informado em nível alto de granularidade, mas com parte Oculta","0.25"
"1437","518","Ausente","0"
"1438","519","Informado com a Data, Fornecedor, Órgão e Valor","1"
"1439","519","Informado em nível alto de granularidade","0.5"
"1440","519","Ausente","0"
"1441","520","Informado com a Data, Fornecedor, Órgão e Valor","1"
"1442","520","Informado em nível alto de granularidade","0.5"
"1443","520","Ausente","0"
"1444","521","Informado com a Data, Fornecedor, Órgão e Valor","1"
"1445","521","Informado em nível alto de granularidade","0.5"
"1446","521","Ausente","0"
"1447","522","Informado com a Data, Fornecedor, Órgão e Valor","1"
"1448","522","Informado em nível alto de granularidade","0.5"
"1449","522","Ausente","0"
"1450","523","Informado com a Data, Fornecedor, Órgão e Valor","1"
"1451","523","Informado em nível alto de granularidade","0.5"
"1452","523","Ausente","0"
"1453","524","Informado com a Data, Fornecedor, Órgão e Valor","1"
"1454","524","Informado em nível alto de granularidade","0.5"
"1455","524","Ausente","0"
"1456","525","Informado com a Data, Fornecedor, Órgão e Valor","1"
"1457","525","Informado em nível alto de granularidade","0.5"
"1458","525","Ausente","0"
"1459","526","Informado com a Data, Fornecedor, Órgão e Valor","1"
"1460","526","Informado em nível alto de granularidade","0.5"
"1461","526","Ausente","0"
"1462","527","Informado com a Data, Fornecedor, Órgão e Valor","1"
"1463","527","Informado em nível alto de granularidade","0.5"
"1464","527","Ausente","0"
"1465","528","Informado com a Data, Fornecedor, Órgão e Valor","1"
"1466","528","Informado em nível alto de granularidade","0.5"
"1467","528","Ausente","0"
"1468","529","Informado com a Data, Fornecedor, Órgão e Valor","1"
"1469","529","Informado em nível alto de granularidade","0.5"
"1470","529","Ausente","0"
"1471","530","Presente","1"
"1472","530","Ausente","0"
"1473","531","Presente","1"
"1474","531","Ausente","0"
"1475","532","Presente","1"
"1476","532","Ausente","0"
"1477","533","Informado com a Data, Fornecedor e Órgão","1"
"1478","533","Informado em nível alto de granularidade","0.5"
"1479","533","Ausente","0"
"1480","534","Informado com a Data, Fornecedor e Valor","1"
"1481","534","Informado em nível alto de granularidade","0.5"
"1482","534","Ausente","0"
"1483","535","Informado com a Data, Fornecedor, Órgão e Valor","1"
"1484","535","Informado em nível alto de granularidade","0.5"
"1485","535","Ausente","0"
"1486","536","Informado com a Data, Fornecedor, Órgão e Valor","1"
"1487","536","Informado em nível alto de granularidade","0.5"
"1488","536","Ausente","0"
"1489","537","Informado com a Data, Órgão e Valor","1"
"1490","537","Informado em nível alto de granularidade","0.5"
"1491","537","Ausente","0"
"1492","538","Informado com a Data, Órgão e Valor","1"
"1493","538","Informado com Data, Órgão e Valor, mas com parte Oculta","0.75"
"1494","538","Informado em nível alto de granularidade","0.5"
"1495","538","Informado em nível alto de granularidade, mas com parte Oculta","0.25"
"1496","538","Ausente","0"
"1497","539","Informado com a Data, Fornecedor, Órgão e Valor","1"
"1498","539","Informado em nível alto de granularidade","0.5"
"1499","539","Ausente","0"
"1500","540","Informado com a Data, Fornecedor, Órgão e Valor","1"
"1501","540","Informado em nível alto de granularidade","0.5"
"1502","540","Ausente","0"
"1503","541","Informado com a Data, Fornecedor, Órgão e Valor","1"
"1504","541","Informado em nível alto de granularidade","0.5"
"1505","541","Ausente","0"
"1506","542","Informado com a Data, Fornecedor, Órgão e Valor","1"
"1507","542","Informado em nível alto de granularidade","0.5"
"1508","542","Ausente","0"
"1509","543","Informado com a Data, Fornecedor, Órgão e Valor","1"
"1510","543","Informado em nível alto de granularidade","0.5"
"1511","543","Ausente","0"
"1512","544","Informado com a Data, Fornecedor, Órgão e Valor","1"
"1513","544","Informado em nível alto de granularidade","0.5"
"1514","544","Ausente","0"
"1515","545","Informado com a Data, Fornecedor, Órgão e Valor","1"
"1516","545","Informado em nível alto de granularidade","0.5"
"1517","545","Ausente","0"
"1518","546","Informado com a Data, Fornecedor, Órgão e Valor","1"
"1519","546","Informado em nível alto de granularidade","0.5"
"1520","546","Ausente","0"
"1521","547","Informado com a Data, Fornecedor, Órgão e Valor","1"
"1522","547","Informado em nível alto de granularidade","0.5"
"1523","547","Ausente","0"
"1524","548","Informado com a Data, Fornecedor, Órgão e Valor","1"
"1525","548","Informado em nível alto de granularidade","0.5"
"1526","548","Ausente","0"
"1527","549","Informado com a Data, Fornecedor, Órgão e Valor","1"
"1528","549","Informado em nível alto de granularidade","0.5"
"1529","549","Ausente","0"
"1530","550","Presente","1"
"1531","550","Ausente","0"
"1532","551","Presente","1"
"1533","551","Ausente","0"
"1534","552","Presente","1"
"1535","552","Ausente","0"
"1536","553","Presente","1"
"1537","553","Ausente","0"
"1538","554","Informado com a Data, Fornecedor e Órgão","1"
"1539","554","Informado em nível alto de granularidade","0.5"
"1540","554","Ausente","0"
"1541","555","Presente","1"
"1542","555","Ausente","0"
"1543","556","Informada com a data, subalínea e valor","1"
"1544","556","Informada em nível alto de granularidade","0.5"
"1545","556","Ausente","0"
"1546","557","Informada com a data, unidade gestora,  subalínea e valor","1"
"1547","557","Informada em nível alto de granularidade","0.5"
"1548","557","Ausente","0"
"1549","558","Informada com a data, unidade gestora,  subalínea e valor","1"
"1550","558","Informada em nível alto de granularidade","0.5"
"1551","558","Ausente","0"
"1552","559","Informada com a data, unidade gestora,  subalínea e valor","1"
"1553","559","Informada em nível alto de granularidade","0.5"
"1554","559","Ausente","0"
"1555","560","Informada com a data, unidade gestora,  subalínea e valor","1"
"1556","560","Informada em nível alto de granularidade","0.5"
"1557","560","Ausente","0"
"1558","561","Informada com a data, unidade gestora,  subalínea e valor","1"
"1559","561","Informada em nível alto de granularidade","0.5"
"1560","561","Ausente","0"
"1561","562","Informada com a data, unidade gestora e valor","1"
"1562","562","Informada em nível alto de granularidade","0.5"
"1563","562","Ausente","0"
"1564","563","Informada com a data, unidade gestora e subalínea","1"
"1565","563","Informada em nível alto de granularidade","0.5"
"1566","563","Ausente","0"
"1567","564","Presente","1"
"1568","564","Ausente","0"
"1569","565","Informada com a data, subalínea e valor","1"
"1570","565","Informada em nível alto de granularidade","0.5"
"1571","565","Ausente","0"
"1572","566","Informada com a data, unidade gestora,  subalínea e valor","1"
"1573","566","Informada em nível alto de granularidade","0.5"
"1574","566","Ausente","0"
"1575","567","Informada com a data, unidade gestora,  subalínea e valor","1"
"1576","567","Informada em nível alto de granularidade","0.5"
"1577","567","Ausente","0"
"1578","568","Informada com a data, unidade gestora,  subalínea e valor","1"
"1579","568","Informada em nível alto de granularidade","0.5"
"1580","568","Ausente","0"
"1581","569","Informada com a data, unidade gestora,  subalínea e valor","1"
"1582","569","Informada em nível alto de granularidade","0.5"
"1583","569","Ausente","0"
"1584","570","Informada com a data, unidade gestora,  subalínea e valor","1"
"1585","570","Informada em nível alto de granularidade","0.5"
"1586","570","Ausente","0"
"1587","571","Informada com a data, unidade gestora e valor","1"
"1588","571","Informada em nível alto de granularidade","0.5"
"1589","571","Ausente","0"
"1590","572","Informada com a data, unidade gestora e subalínea","1"
"1591","572","Informada em nível alto de granularidade","0.5"
"1592","572","Ausente","0"
"1593","573","Presente","1"
"1594","573","Ausente","0"
"1595","574","Presente","1"
"1596","574","Ausente","0"
"1597","575","Presente","1"
"1598","575","Ausente","0"
"1599","576","Presente","1"
"1600","576","Ausente","0"
"1601","577","Presente","1"
"1602","577","Ausente","0"
"1603","578","Presente","1"
"1604","578","Ausente","0"
"1605","579","Presente","1"
"1606","579","Ausente","0"
"1607","580","Presente","1"
"1608","580","Ausente","0"
"1609","581","Presente","1"
"1610","581","Parte oculta","0.5"
"1611","581","Ausente","0"
"1612","582","Presente","1"
"1613","582","Ausente","0"
"1614","583","Presente","1"
"1615","583","Ausente","0"
"1616","584","Presente","1"
"1617","584","Ausente","0"
"1618","585","Presente","1"
"1619","585","Ausente","0"
"1620","586","Presente","1"
"1621","586","Ausente","0"
"1622","587","Presente","1"
"1623","587","Ausente","0"
"1624","588","Presente","1"
"1625","588","Ausente","0"
"1626","589","Presente","1"
"1627","589","Ausente","0"
"1628","590","Presente","1"
"1629","590","Ausente","0"
"1630","591","Presente","1"
"1631","591","Parte oculta","0.5"
"1632","591","Ausente","0"
"1633","592","Presente","1"
"1634","592","Ausente","0"
"1635","593","Informado isoladamente","1"
"1636","593","Informado com a soma de outros valores","0.5"
"1637","593","Ausente","0"
"1638","593","Informado junto com outros itens de remuneração","0.25"
"1639","594","Informado isoladamente","1"
"1640","594","Informado sem especificar de que se trata","0.5"
"1641","594","Ausente","0"
"1642","594","Informado junto com outros itens de remuneração","0.25"
"1643","595","Informado isoladamente","1"
"1644","595","Informado sem especificar de que se trata","0.5"
"1645","595","Ausente","0"
"1646","595","Informado junto com outros itens de remuneração","0.25"
"1647","596","Informado isoladamente","1"
"1648","596","Informado junto com outros itens de remuneração","0.5"
"1649","596","Ausente","0"
"1650","597","Informado isoladamente","1"
"1651","597","Informado junto com outros itens de remuneração","0.5"
"1652","597","Ausente","0"
"1653","598","Informado isoladamente","1"
"1654","598","Informado junto com outros itens de remuneração","0.5"
"1655","598","Ausente","0"
"1656","599","Presente","1"
"1657","599","Ausente","0"
"1658","599","Informado junto com outros itens de desconto","0.5"
"1659","600","Presente","1"
"1660","600","Ausente","0"
"1661","600","Informado junto com outros itens de desconto","0.5"
"1662","601","Presente","1"
"1663","601","Ausente","0"
"1664","601","Informado junto com outros itens de desconto","0.5"
"1665","602","Informado isoladamente","1"
"1666","602","Informado sem especificar de que se trata","0.5"
"1667","602","Ausente","0"
"1668","603","Presente","1"
"1669","603","Ausente","0"
"1670","604","Editais e Resultados","1"
"1671","604","Apenas Editais ou Apenas Resultados","0.5"
"1672","604","Ausente","0"
"1673","605","Presente","1"
"1674","605","Ausente","0"
"1675","606","Presente","1"
"1676","606","Ausente","0"
"1677","607","Informa detalhadamente o objeto","1"
"1678","607","Informa resumidamente","0.5"
"1679","607","Não informa","0"
"1680","608","Presente","1"
"1681","608","Ausente","0"
"1682","609","Presente","1"
"1683","609","Ausente","0"
"1684","610","Informa data e hora","1"
"1685","610","Informa só a data","0.5"
"1686","610","Não informa","0"
"1687","611","Disponibiliza o edital, sem qualquer cadastro","1"
"1688","611","Disponibiliza, mediante cadastro feito pelo site","0.75"
"1689","611","Disponibiliza, mediante cadastro que necessita de atuação do órgão","0.5"
"1690","611","Não disponibiliza","0"
"1691","612","Presente","1"
"1692","612","Ausente","0"
"1693","613","Informa detalhadamente o objeto","1"
"1694","613","Informa resumidamente","0.5"
"1695","613","Não informa","0"
"1696","614","Presente","1"
"1697","614","Ausente","0"
"1698","615","Presente","1"
"1699","615","Ausente","0"
"1700","616","Informa data e hora","1"
"1701","616","Informa só a data","0.5"
"1702","616","Não informa","0"
"1703","617","Disponibiliza o edital, sem qualquer cadastro","1"
"1704","617","Disponibiliza, mediante cadastro feito pelo site","0.75"
"1705","617","Disponibiliza, mediante cadastro que necessita de atuação do órgão","0.5"
"1706","617","Não disponibiliza","0"
"1707","618","Disponibiliza a ata, sem qualquer cadastro","1"
"1708","618","Disponibiliza, mediante cadastro feito pelo site","0.75"
"1709","618","Disponibiliza, mediante cadastro que necessita de atuação do órgão","0.5"
"1710","618","Não disponibiliza","0"
"1711","619","Disponibiliza Apenas Valor da Proposta","0.75"
"1712","619","Disponibiliza (CNPJ ou Nome) e Valor da Proposta","1"
"1713","619","Disponibiliza Apenas CNPJ ou Apenas Nome","0.5"
"1714","619","Ausente","0"
"1715","620","Disponibiliza (CNPJ ou Nome) e Valor da Proposta","1"
"1716","620","Disponibiliza Apenas Valor da Proposta","0.75"
"1717","620","Disponibiliza Apenas CNPJ ou Apenas Nome","0.5"
"1718","620","Ausente","0"
"1719","621","Presente","1"
"1720","621","Ausente","0"
"1721","622","Presente","1"
"1722","622","Ausente","0"
"1723","623","Presente","1"
"1724","623","Ausente","0"
"1725","624","Presente","1"
"1726","624","Ausente","0"
"1727","625","Presente","1"
"1728","625","Ausente","0"
"1729","626","Presente","1"
"1730","626","Ausente","0"
"1731","627","Informa detalhadamente o bem/produto","1"
"1732","627","Informa resumidamente","0.5"
"1733","627","Não informa","0"
"1734","628","Presente","1"
"1735","628","Ausente","0"
"1736","629","Presente","1"
"1737","629","Ausente","0"
"1738","630","Presente","1"
"1739","630","Ausente","0"
"1740","631","Presente","1"
"1741","631","Ausente","0"
"1742","632","Presente","1"
"1743","632","Ausente","0"
"1744","633","Presente","1"
"1745","633","Ausente","0"
"1746","634","Presente","1"
"1747","634","Ausente","0"
"1748","635","Presente","1"
"1749","635","Ausente","0"
"1750","636","Presente","1"
"1751","636","Ausente","0"
"1752","637","Presente","1"
"1753","637","Ausente","0"
"1754","638","Informa detalhadamente o objeto","1"
"1755","638","Informa resumidamente","0.5"
"1756","638","Não informa","0"
"1757","639","Disponibiliza o contrato, sem qualquer cadastro","1"
"1758","639","Disponibiliza, mediante cadastro feito pelo site","0.75"
"1759","639","Disponibiliza, mediante cadastro que necessita de atuação do órgão","0.5"
"1760","639","Não disponibiliza","0"
"1761","640","Presente","1"
"1762","640","Ausente","0"
"1763","641","Corpo da Lei e Anexos","1"
"1764","641","Apenas o corpo, sem anexos","0.5"
"1765","641","Ausente","0"
"1766","642","Corpo da Lei e Anexos","1"
"1767","642","Apenas o corpo, sem anexos","0.5"
"1768","642","Ausente","0"
"1769","643","Corpo da Lei e Anexos","1"
"1770","643","Apenas o corpo, sem anexos","0.5"
"1771","643","Ausente","0"
"1772","644","Presente","1"
"1773","644","Ausente","0"
"1774","645","Disponibiliza todos os 5 anexos","1"
"1775","645","Ausente","0"
"1776","645","Não disponibiliza pelo menos um anexo","0.5"
"1777","646","Não disponibiliza pelo menos um anexo","0.5"
"1778","646","Disponibiliza todos os 6 anexos","1"
"1779","646","Ausente","0"
"1780","647","Presente","1"
"1781","647","Ausente","0"
"1782","648","Presente","1"
"1783","648","Ausente","0"
"1784","649","Presente","1"
"1785","649","Ausente","0"
"1786","650","Presente","1"
"1787","650","Ausente","0"
"1788","651","Presente","1"
"1789","651","Ausente","0"
"1790","652","Presente","1"
"1791","652","Ausente","0"
"1792","653","Presente","1"
"1793","653","Ausente","0"
"1794","654","Presente","1"
"1795","654","Ausente","0"
"1796","655","Presente","1"
"1797","655","Ausente","0"
"1798","656","Informa detalhadamente o objeto","1"
"1799","656","Informa resumidamente","0.5"
"1800","656","Não informa","0"
"1801","657","Presente","1"
"1802","657","Ausente","0"
"1803","658","Presente","1"
"1804","658","Ausente","0"
"1805","659","Disponibiliza o contrato, sem qualquer cadastro","1"
"1806","659","Disponibiliza, mediante cadastro feito pelo site","0.75"
"1807","659","Disponibiliza, mediante cadastro que necessita de atuação do órgão","0.5"
"1808","659","Não disponibiliza","0"
"1809","660","Presente","1"
"1810","660","Ausente","0"
"1811","661","Presente","1"
"1812","661","Ausente","0"
"1813","662","Presente","1"
"1814","662","Ausente","0"
"1815","663","Informa detalhadamente o objeto","1"
"1816","663","Informa resumidamente","0.5"
"1817","663","Não informa","0"
"1818","664","Presente","1"
"1819","664","Ausente","0"
"1820","665","Presente","1"
"1821","665","Ausente","0"
"1822","666","Disponibiliza o contrato, sem qualquer cadastro","1"
"1823","666","Disponibiliza, mediante cadastro feito pelo site","0.75"
"1824","666","Disponibiliza, mediante cadastro que necessita de atuação do órgão","0.5"
"1825","666","Não disponibiliza","0"
"1826","667","Presente","1"
"1827","667","Ausente","0"
"1828","668","Presente","1"
"1829","668","Ausente","0"
"1830","669","Presente","1"
"1831","669","Ausente","0"
"1832","670","Presente","1"
"1833","670","Ausente","0"
"1834","671","Presente","1"
"1835","671","Ausente","0"
"1836","672","Presente","1"
"1837","672","Ausente","0"
"1838","673","Presente","1"
"1839","673","Ausente","0"
"1840","674","Presente","1"
"1841","674","Ausente","0"
"1842","675","Presente","1"
"1843","675","Ausente","0"
"1844","676","Presente","1"
"1845","676","Ausente","0"
"1846","677","Presente","1"
"1847","677","Ausente","0"
"1848","678","Presente","1"
"1849","678","Ausente","0"
"1850","679","Presente","1"
"1851","679","Ausente","0"
"1852","680","Presente","1"
"1853","680","Ausente","0"
"1854","681","Presente","1"
"1855","681","Ausente","0"
"1856","682","Presente","1"
"1857","682","Ausente","0"
"1858","683","Presente","1"
"1859","683","Ausente","0"
"1860","684","Presente","1"
"1861","684","Ausente","0"
"1862","685","Permite o download de dos dados de despesas, receitas e servidores","1"
"1863","685","Permite o download de algumas bases de dados. Só despesas, ou só receitas ou só servidores ","0.5"
"1864","685","Não permite","0"
"1865","686","Disponibiliza pelo menos os dos dados de despesas, receitas e servidores","1"
"1866","686","Disponibiliza algumas bases de dados. Só despesas, ou só receitas ou só servidores ","0.5"
"1867","686","Não disponibiliza dados legíveis por máquina","0"
"1868","687","Variação de até 5%","1"
"1869","687","Variação entre 5% e 10%","0.75"
"1870","687","Variação entre 10% e 20%","0.5"
"1871","687","Variação maior que 20%","0"
"1872","688","Exporta em mais de um formato, sendo pelo menos 1 aberto","1"
"1873","688","Exporta em mais de um formato, com nenhum aberto","0.75"
"1874","688","Exporta em apenas um formato, mas aberto","0.5"
"1875","688","Exporta em apenas um formato, proprietário","0.25"
"1876","688","Não exporta","0"
"1877","689","Exporta em mais de um formato, sendo pelo menos 1 aberto","1"
"1878","689","Exporta em mais de um formato, com nenhum aberto","0.75"
"1879","689","Exporta em apenas um formato, mas aberto","0.5"
"1880","689","Exporta em apenas um formato, proprietário","0.25"
"1881","689","Não exporta","0"
"1882","690","Exporta em mais de um formato, sendo pelo menos 1 aberto","1"
"1883","690","Exporta em mais de um formato, com nenhum aberto","0.75"
"1884","690","Exporta em apenas um formato, mas aberto","0.5"
"1885","690","Exporta em apenas um formato, proprietário","0.25"
"1886","690","Não exporta","0"
"1887","691","Exporta em mais de um formato, sendo pelo menos 1 aberto","1"
"1888","691","Exporta em mais de um formato, com nenhum aberto","0.75"
"1889","691","Exporta em apenas um formato, mas aberto","0.5"
"1890","691","Exporta em apenas um formato, proprietário","0.25"
"1891","691","Não exporta","0"
"1892","692","Diária","1"
"1893","692","Semanal","0.75"
"1894","692","Quinzenal","0.5"
"1895","692","Mensal","0.25"
"1896","692","Dados com mais de um mês de atraso","0"
"1897","693","5 anos ou mais","1"
"1898","693","Entre 4 e 5 anos","0.75"
"1899","693","Entre 3 e 4 anos","0.5"
"1900","693","Menos de 2 anos","0"
"1901","693","Entre 2 e 3 anos","0.25"
"1902","694","Diária","1"
"1903","694","Semanal","0.75"
"1904","694","Quinzenal","0.5"
"1905","694","Mensal","0.25"
"1906","694","Dados com mais de um mês de atraso","0"
"1907","695","5 anos ou mais","1"
"1908","695","Entre 4 e 5 anos","0.75"
"1909","695","Entre 3 e 4 anos","0.5"
"1910","695","Menos de 2 anos","0"
"1911","695","Entre 2 e 3 anos","0.25"
"1912","696","Dados do mês atual ou anterior","1"
"1913","696","Dados mais atuais entre 2 e 5 meses","0.5"
"1914","696","Dados mais atuais entre 6 e 12 meses","0.25"
"1915","696","Últimos dados com mais de 12 meses","0"
"1916","697","2 anos ou mais","1"
"1917","697","1 ano","0.5"
"1918","697","6 meses ","0.25"
"1919","697","5 meses ou menos","0"
"1920","698","Dados de até 6 meses","1"
"1921","698","Dados mais recentes entre 7 e 12 meses","0.5"
"1922","698","Dados com mais de 12 meses","0"
"1923","699","Presente","1"
"1924","699","Ausente","0"
"1925","700","Presente","1"
"1926","700","Ausente","0"
"1927","701","Presente","1"
"1928","701","Ausente","0"
"1929","702","Atualizado","1"
"1930","702","Até 30 dias de Atraso","0.75"
"1931","702","Até 60 dias de atraso","0.5"
"1932","702","Mais de 60 dias de atraso","0"
"1933","703","Atualizado","1"
"1934","703","Até 2 meses de Atraso","0.75"
"1935","703","Até 4 meses de atraso","0.5"
"1936","703","Mais de 4 meses de atraso","0"
"1937","704","5 anos ou mais","1"
"1938","704","4 anos","0.75"
"1939","704","3 anos","0.5"
"1940","704","2 anos ou menos","0"
"1941","705","Acima de 3 pesquisas diferentes","1"
"1942","705","2 ou 3 pesquisas diferentes","0.75"
"1943","705","Apenas 1 pesquisa","0.5"
"1944","705","Nenhuma pesquisa","0"
"1945","706","Pesquisar despesaspor dia, mês e ano, inicial e final","1"
"1946","706","Pesquisar apenas por mês e ano","0.5"
"1947","706","Pesquisar apenas por ano","0.25"
"1948","706","Sem possibilidade de delimitação","0"
"1949","707","Acima de 2 pesquisas diferentes","1"
"1950","707","2 pesquisas diferentes","0.75"
"1951","707","1 pesquisa","0.5"
"1952","707","Nenhuma pesquisa","0"
"1953","708","Pesquisar despesaspor dia, mês e ano, inicial e final","1"
"1954","708","Pesquisar apenas por mês e ano","0.5"
"1955","708","Pesquisar apenas por ano","0.25"
"1956","708","Sem possibilidade de delimitação","0"
"1957","709","Acima de 2 pesquisas diferentes","1"
"1958","709","2 pesquisas diferentes","0.75"
"1959","709","1 pesquisa","0.5"
"1960","709","Nenhuma pesquisa","0"
"1961","710","Acima de 2 pesquisas diferentes","1"
"1962","710","2 pesquisas diferentes","0.75"
"1963","710","1 pesquisa","0.5"
"1964","710","Nenhuma pesquisa","0"
"1965","711","PPA,LDO e LOA Pesquisáveis","1"
"1966","711","Apenas duas pesquisáves","0.75"
"1967","711","Apenas uma pesquisável","0.5"
"1968","711","Nenhuma pesquisável","0"
"1969","712","RGF e RREO Pesquisáveis","1"
"1970","712","Apenas um pesquisável","0.5"
"1971","712","Nenhum pesquispavel","0"
"1972","713","Presente","1"
"1973","713","Funcionamento parcial","0.5"
"1974","713","Ausente","0"
"1975","714","Presente","1"
"1976","714","Funcionamento parcial","0.5"
"1977","714","Ausente","0"
"1978","715","Presente","1"
"1979","715","Ausente","0"
"1980","716","Presente","1"
"1981","716","Ausente","0"
"1982","717","Nenhum erro","1"
"1983","717","Entre 1 e 5 erros","0.5"
"1984","717","Mais de 5 erros","0"
"1985","718","Nenhum erro","1"
"1986","718","Entre 1 e 2 erros","0.5"
"1987","718","Mais de 2 erros","0"
"1988","719","Nenhum erro","1"
"1989","719","Entre 1 e 3 erros","0.5"
"1990","719","Mais de 3 erros","0"
"1991","720","Glossário e Explicações","1"
"1992","720","Só Glossário ou Só Explicações","0.5"
"1993","720","Ausente","0"
"1994","721","Presente","1"
"1995","721","Ausente","0"
"1996","722","Presente","1"
"1997","722","Ausente","0"
"1998","723","Presente","1"
"1999","723","Ausente","0"
"2000","724","Presente","1"
"2001","724","Ausente","0"
"2002","725","Presente","1"
"2003","725","Ausente","0"
"2004","726","Presente","1"
"2005","726","Ausente","0"
"2006","727","Gráficos de Despesas e Receitas","1"
"2007","727","Somente Despesas ou Somente Receitas","0.5"
"2008","727","Ausente","0"
"2009","728","Presente em Despesas e Receitas","1"
"2010","728","Somente Despesas ou Somente Receitas","0.5"
"2011","728","Ausente","0"
"2012","729","Ordenação em Despesas e Receitas","1"
"2013","729","Somente Despesas ou Somente Receitas","0.5"
"2014","729","Ausente","0"
"2015","730","Totalizadores em Despesas e Receitas","1"
"2016","730","Somente Despesas ou Somente Receitas","0.5"
"2017","730","Ausente","0"
"2018","731","Presente","1"
"2019","731","Ausente","0"
"2020","732","Evoluções em anos distintos","1"
"2021","732","Evoluções somente em períodos do mesmo ano","0.5"
"2022","732","Ausente","0"
"2023","733","Presente","1"
"2024","733","Ausente","0"
"2025","734","Compatibilidade total","1"
"2026","734","Compatibilidade parcial","0.5"
"2027","734","Imcompatibilidade","0"
"2028","735","Compatibilidade total","1"
"2029","735","Compatibilidade parcial","0.5"
"2030","735","Imcompatibilidade","0"
"2031","736","Compatibilidade total","1"
"2032","736","Compatibilidade parcial","0.5"
"2033","736","Imcompatibilidade","0"
"2034","737","Compatibilidade total","1"
"2035","737","Compatibilidade parcial","0.5"
"2036","737","Imcompatibilidade","0"
"2037","738","Otimizado","1"
"2038","738","Funcional, porém não otimizado","0.5"
"2039","738","Não compatível","0"
"2040","739","Otimizado","1"
"2041","739","Funcional, porém não otimizado","0.5"
"2042","739","Não compatível","0"
